{
    "user_id": "18744957",
    "gender": "male",
    "age": 45,
    "age_range": "45-54",
    "year_of_birth": 1973,
    "english": "aus",
    "handle": "27bslash6",
    "tweets": [
        {
            "id": "1097949424259612672",
            "text": "@mittra303 His password, for all of his accounts, is Ragged0ldflag - apparently the title of a Johnny Cash album.",
            "time": "Tue Feb 19 20:01:56 +0000 2019"
        },
        {
            "id": "1097933761004605442",
            "text": "@jeffkrenn My work diary doesn't have autocorrect.",
            "time": "Tue Feb 19 18:59:41 +0000 2019"
        },
        {
            "id": "1097885187248132097",
            "text": "A new account manager named Gary started at the office yesterday. I asked him what he did on the weekend and he said, \"I'd rather keep our conversations to work related matters if you don't mind.\" so I can tell this is going to be a fun year. https://t.co/vTGCHuGQQJ",
            "time": "Tue Feb 19 15:46:41 +0000 2019"
        },
        {
            "id": "1096081112693133314",
            "text": "@kernootbee Thank you, Brandon. Email me your address details - david@27bslash6.com",
            "time": "Thu Feb 14 16:17:56 +0000 2019"
        },
        {
            "id": "1096079626525437952",
            "text": "@superbaird Sure, but the only things I can think of that rhyme with Big Brothers Big Sisters is 'blisters', 'transistors' and 'fisters'.",
            "time": "Thu Feb 14 16:12:01 +0000 2019"
        },
        {
            "id": "1096075074917072896",
            "text": "@battedball To stop Holly leaving.",
            "time": "Thu Feb 14 15:53:56 +0000 2019"
        },
        {
            "id": "1095722279697297408",
            "text": "@bette1111 @alexwfrost https://t.co/EanBW9ylM6",
            "time": "Wed Feb 13 16:32:03 +0000 2019"
        },
        {
            "id": "1095702108844838912",
            "text": "For those that forgot or couldn't be bothered getting a Valentine's card: https://t.co/91tgXSUeDR",
            "time": "Wed Feb 13 15:11:54 +0000 2019"
        },
        {
            "id": "1092855004807999489",
            "text": "@marcdrees @bonobomindset and then the robots attacked.",
            "time": "Tue Feb 05 18:38:32 +0000 2019"
        },
        {
            "id": "1092854235576840199",
            "text": "@dietsV Please. Biennial.",
            "time": "Tue Feb 05 18:35:28 +0000 2019"
        },
        {
            "id": "1092789504119881728",
            "text": "@bonobomindset No, she didn't. She once gave my parents a brochure on autism and told them it wouldn't hurt to have me tested.",
            "time": "Tue Feb 05 14:18:15 +0000 2019"
        },
        {
            "id": "1092787537796579329",
            "text": "His auditory processing disorder is probably hereditary because when I was about 8, I thought the words to Que Sera Sera were \"Okay, Sarah, Sarah\" and whenever my Aunt Sarah was over and asked for something, I would sing, \"Okay, Sarah, Sarah\" and she would just stare at me .",
            "time": "Tue Feb 05 14:10:26 +0000 2019"
        },
        {
            "id": "1092785381270007808",
            "text": "Just had to Google the lyrics to Bohemian Rhapsody to prove to my offspring that it doesn't contain the line, \"Sharing his life and a warm cup of tea.\"",
            "time": "Tue Feb 05 14:01:52 +0000 2019"
        },
        {
            "id": "1075891382584266752",
            "text": "@TheIainHamilton Simon wouldn't know how to program the clock on a microwave oven.",
            "time": "Thu Dec 20 23:11:09 +0000 2018"
        },
        {
            "id": "1075889493104869383",
            "text": "@KieranMcKeef Was that the one with the big ride-in Wipe Out game?",
            "time": "Thu Dec 20 23:03:38 +0000 2018"
        },
        {
            "id": "1075878856672854017",
            "text": "Apparently \"a 24 hour null route\" has been applied to my server at https://t.co/MUACo51sf8 due to a \"large amount of UDP traffic towards it.\" If I knew what any of this meant and hadn't had several shots of Blanton's, I'd probably give a fuck.",
            "time": "Thu Dec 20 22:21:22 +0000 2018"
        },
        {
            "id": "1072583846896549889",
            "text": "@Gavin89 Always.",
            "time": "Tue Dec 11 20:08:11 +0000 2018"
        },
        {
            "id": "1072583724213133312",
            "text": "@marcdrees That was in my office. This photo was taken in the dining room.",
            "time": "Tue Dec 11 20:07:42 +0000 2018"
        },
        {
            "id": "1072499987295232000",
            "text": "@mattmartincouk Email me your contact information and which book you ordered and I will have a replacement and a copy of the new book sent out gratis.",
            "time": "Tue Dec 11 14:34:57 +0000 2018"
        },
        {
            "id": "1069692909652467712",
            "text": "@marcdrees You have a good eye.",
            "time": "Mon Dec 03 20:40:38 +0000 2018"
        },
        {
            "id": "1069631292029972480",
            "text": "@RocketSuperstar Please. I haven't been funny since 2012.",
            "time": "Mon Dec 03 16:35:47 +0000 2018"
        },
        {
            "id": "1067488075788558336",
            "text": "A few people have accused me of only tweeting when I have a new book out and all I have to say to that is don't miss out, less than 400 signed copies left: https://t.co/eddHdfwK7u",
            "time": "Tue Nov 27 18:39:24 +0000 2018"
        },
        {
            "id": "1064902959224553477",
            "text": "Yes,  it's that time of year when Michael Bubl\u00e9 and I exit our caves,  shielding our eyes from the light and wielding a new release just in  time for Xmas. Preorder before Dec 12 to be automatically entered to win an iPhone XS Max or one of 52  giveaways. https://t.co/eddHdfwK7u https://t.co/TiDmn8QLc8",
            "time": "Tue Nov 20 15:27:05 +0000 2018"
        },
        {
            "id": "1019278262944649219",
            "text": "@beaconinthemind @ganglywhitegirl Thomas, the president of the United States just sided with Russia over his own country\u2019s intelligence agencies. This is fact. My original question stands and hasn\u2019t been answered.",
            "time": "Tue Jul 17 17:50:49 +0000 2018"
        },
        {
            "id": "1019276256037175296",
            "text": "@beaconinthemind @ganglywhitegirl It\u2019s an exaggeration,Thomas. I\u2019m not sure how a government devoid of common human decency is any less frightening though.",
            "time": "Tue Jul 17 17:42:51 +0000 2018"
        },
        {
            "id": "1019272542312370177",
            "text": "@ganglywhitegirl @beaconinthemind Yes it is. As the bombs drop and we huddle, frightened, in a basement lit only by flashes from outside, I\u2019ll pull my phone out and show the occupants that jpg.",
            "time": "Tue Jul 17 17:28:05 +0000 2018"
        },
        {
            "id": "1019267481649733634",
            "text": "@ganglywhitegirl @beaconinthemind  https://t.co/Ir7KMoPpx0",
            "time": "Tue Jul 17 17:07:59 +0000 2018"
        },
        {
            "id": "1006958610595893250",
            "text": "\"You're not the boss of GoFundMe campaigns. I'm allowed to raise money for whatever the fuck I want.\"\nhttps://t.co/jGTA9dRgDa",
            "time": "Wed Jun 13 17:56:55 +0000 2018"
        },
        {
            "id": "997530962794868737",
            "text": "@MonkeyAnimator If in doubt, I whack in a semicolon. My last book contains 8,240 of them. My next book, titled Semicolons, contains only semicolons.",
            "time": "Fri May 18 17:34:49 +0000 2018"
        },
        {
            "id": "971128776892526592",
            "text": "Until further notice, this twitter account will only be used to post pictures of otters. https://t.co/DsopWEbPcV",
            "time": "Tue Mar 06 21:01:57 +0000 2018"
        },
        {
            "id": "965104557788483589",
            "text": "Just binge-watched the show Everything Sucks on Netflix. Went in cross about having to watch it, left wiping eyes over the stage kiss to Duran Duran\u2019s Ordinary World. Might go out tomorrow and buy 18 cats.",
            "time": "Sun Feb 18 06:03:52 +0000 2018"
        },
        {
            "id": "963951679459745793",
            "text": "\u2018No Way To Prevent This,\u2019 Says Only Nation Where This Regularly Happens.\nhttps://t.co/ul0MzQKWRd  https://t.co/4NHzVPlBuE",
            "time": "Thu Feb 15 01:42:44 +0000 2018"
        },
        {
            "id": "955528187622117376",
            "text": "@JacobAWohl @realDonaldTrump https://t.co/enEpuyASjI",
            "time": "Mon Jan 22 19:50:47 +0000 2018"
        },
        {
            "id": "955506290645782529",
            "text": "Yes, I realize it\u2019s a popular fad at the moment and who knows how long it will be popular for, but I decided to give this whole \u2018planking\u2019 thing a go. https://t.co/BvOds2ImLf",
            "time": "Mon Jan 22 18:23:46 +0000 2018"
        },
        {
            "id": "941538741616889856",
            "text": "@Ardeet Ha. Good reference.",
            "time": "Fri Dec 15 05:21:43 +0000 2017"
        },
        {
            "id": "935567476418543616",
            "text": "Walk It Off, Princess. https://t.co/3V9Q0ukyvL",
            "time": "Tue Nov 28 17:54:03 +0000 2017"
        },
        {
            "id": "909440404117913602",
            "text": "Final head count for yesterday's pro-trump 'mother of all rallies' in DC: 162 - Enquiries re my Craigslist ad for a free weed-wacker: 167",
            "time": "Sun Sep 17 15:34:23 +0000 2017"
        },
        {
            "id": "900709557151961088",
            "text": "https://t.co/x5qQxEu3EZ",
            "time": "Thu Aug 24 13:21:07 +0000 2017"
        },
        {
            "id": "900010709697933314",
            "text": "\"I'll throw a party when you leave. You dont respect the property lines and let your dogs run wild and smoke pot.\"\n https://t.co/T6zQjaeUPg",
            "time": "Tue Aug 22 15:04:09 +0000 2017"
        },
        {
            "id": "888110630644834307",
            "text": "R.I.P. Chester Bennington. This has surprised and saddened me.  https://t.co/fH2OE3CK5y",
            "time": "Thu Jul 20 18:57:29 +0000 2017"
        },
        {
            "id": "884546945062248448",
            "text": "I've no idea why I'm posting this or even if it will play: https://t.co/LeYqS3GKl3",
            "time": "Mon Jul 10 22:56:40 +0000 2017"
        },
        {
            "id": "842103030464036864",
            "text": "@Interpipes I will update the shipping address. Thanks for ordering.",
            "time": "Wed Mar 15 19:59:42 +0000 2017"
        },
        {
            "id": "821012108313849856",
            "text": "Inauguration update 2: If you already have tickets, check the back. There's a dollar off coupon for funnel cakes.",
            "time": "Mon Jan 16 15:11:54 +0000 2017"
        },
        {
            "id": "820985507651919872",
            "text": "Inauguration update: Toby Keith signs on as main act. Tractor Pull and turkey raffle to follow.",
            "time": "Mon Jan 16 13:26:12 +0000 2017"
        },
        {
            "id": "810501771575627776",
            "text": "@lauraporah Hope you enjoy. It's riddled with spelling errors and three articles got left out by mistake but it's kind of a book.",
            "time": "Sun Dec 18 15:07:35 +0000 2016"
        },
        {
            "id": "810205850191228928",
            "text": "@infernocloud Correct. Not my graph, just thought it was interesting.",
            "time": "Sat Dec 17 19:31:42 +0000 2016"
        },
        {
            "id": "809814812528181249",
            "text": "@sirchooode 8/10. It was a good reboot.",
            "time": "Fri Dec 16 17:37:51 +0000 2016"
        },
        {
            "id": "801457847909355520",
            "text": "I was meant to wait until next week to announce the release of the new book but since it's Black Friday tomorrow... https://t.co/mc5T1uXGlK",
            "time": "Wed Nov 23 16:10:15 +0000 2016"
        },
        {
            "id": "796312754655264768",
            "text": "Never underestimate the stupidity of a large group of Americans.",
            "time": "Wed Nov 09 11:25:30 +0000 2016"
        },
        {
            "id": "767851054318968833",
            "text": "@Tershbango refresh my memory, I tell so many lies it's impossible to tie it down to a specific one.",
            "time": "Mon Aug 22 22:28:51 +0000 2016"
        },
        {
            "id": "702187081649487874",
            "text": "I've received requests for a photo of the orange ceramic lizard. Banana for scale. 28 left: https://t.co/tQNHmh9jMm https://t.co/H4gkCwF43a",
            "time": "Tue Feb 23 17:43:40 +0000 2016"
        },
        {
            "id": "690906291527614464",
            "text": "Power out. Send Starbucks. https://t.co/u0xVVCCJu8",
            "time": "Sat Jan 23 14:37:50 +0000 2016"
        },
        {
            "id": "679690645259325440",
            "text": "@awolfson0 Hope you enjoy.",
            "time": "Wed Dec 23 15:50:52 +0000 2015"
        },
        {
            "id": "679483834216366082",
            "text": "An simple mistake doesn't make Steve Harvey a ridiculous fuckwit. This makes Steve Harvey a ridiculous fuckwit: https://t.co/bqWFhnNhxf",
            "time": "Wed Dec 23 02:09:04 +0000 2015"
        },
        {
            "id": "674218189245558784",
            "text": "@silasschulze Check page 197",
            "time": "Tue Dec 08 13:25:17 +0000 2015"
        },
        {
            "id": "671342746226065408",
            "text": "@imetjackhitch pre-orders go out early.",
            "time": "Mon Nov 30 14:59:18 +0000 2015"
        },
        {
            "id": "669195113529278464",
            "text": "@Nannig Yes, the official release date is Dec 5 for paperback, kindle etc. - this is just a limited batch of pre-release signed copies.",
            "time": "Tue Nov 24 16:45:22 +0000 2015"
        },
        {
            "id": "669154398350655489",
            "text": "Fanfare etc. That's Not How You Wash a Squirrel: \nhttps://t.co/tQNHmgRInM",
            "time": "Tue Nov 24 14:03:35 +0000 2015"
        },
        {
            "id": "641373840577183745",
            "text": "If a Muslim man working at the DMV refused to issue women licenses, he would be sacked. Kim Davis gets to pump the air to Eye of the Tiger?",
            "time": "Tue Sep 08 22:13:34 +0000 2015"
        },
        {
            "id": "634075932148559872",
            "text": "Looking forward to the Leonard Skinner gig in Harrisonburg tonight. Couldn't find much about him but always happy to support new DJ artists.",
            "time": "Wed Aug 19 18:54:17 +0000 2015"
        },
        {
            "id": "601422382188761088",
            "text": "Stupid squirrel. https://t.co/ofA8hkeKId",
            "time": "Thu May 21 16:20:44 +0000 2015"
        },
        {
            "id": "593837481398665216",
            "text": "@rachel_london I thought the glasses &amp; suit might make me appear professional but I look like I am on my way to court to argue a fine.",
            "time": "Thu Apr 30 18:01:03 +0000 2015"
        },
        {
            "id": "593430905865248768",
            "text": "It's like an involuntary tick or a form of really boring Tourette's: http://t.co/wxJKxYydfx",
            "time": "Wed Apr 29 15:05:28 +0000 2015"
        },
        {
            "id": "588340591408197635",
            "text": "Look Evelyn, the 2015 book signing venues, dates and times: \nhttp://t.co/TFHhBcapIl",
            "time": "Wed Apr 15 13:58:22 +0000 2015"
        },
        {
            "id": "568763371107061760",
            "text": "@PaulRumens Only someone in the industry would come up with that joke. My condolences.",
            "time": "Fri Feb 20 13:25:29 +0000 2015"
        },
        {
            "id": "568749430670643201",
            "text": "@rogershrubbery The sentence was 141 characters. A vowel was sacrificed. I felt dirty.",
            "time": "Fri Feb 20 12:30:05 +0000 2015"
        },
        {
            "id": "568526056098914304",
            "text": "Holly &amp; I have been arguing over what color to paint our walls so we painted them white and hung up swatches instead. http://t.co/u2CZoy36oB",
            "time": "Thu Feb 19 21:42:29 +0000 2015"
        },
        {
            "id": "542365678251311104",
            "text": "I forgot to plug this last week on the day of release so I am doing it now. You're welcome. http://t.co/jvkn5eRLUb",
            "time": "Tue Dec 09 17:10:29 +0000 2014"
        },
        {
            "id": "539582923918573568",
            "text": "@matthew1471 Yes it is: http://t.co/828pkp2pSc",
            "time": "Tue Dec 02 00:52:48 +0000 2014"
        },
        {
            "id": "537635592621023233",
            "text": "http://t.co/MyB2eodr3s",
            "time": "Wed Nov 26 15:54:48 +0000 2014"
        },
        {
            "id": "530384181051015168",
            "text": "Yes, I haven't been posting much this year. I've been busy writing though: http://t.co/jvkn5e0YvZ",
            "time": "Thu Nov 06 15:40:17 +0000 2014"
        },
        {
            "id": "502806413601939457",
            "text": "For whatever reason, a 'shelved' interview I did ages ago was published today for those interested; http://t.co/0JFRK0g8nI",
            "time": "Fri Aug 22 13:16:05 +0000 2014"
        },
        {
            "id": "492343318877982720",
            "text": "Everyone I know is selling their 'designs' on Etsy so I thought I'd give it a go. Limited edition necklace:  https://t.co/AQaOpLs6sZ",
            "time": "Thu Jul 24 16:19:29 +0000 2014"
        },
        {
            "id": "480934648315265024",
            "text": "My editor &amp; friend @micsolana has written a book. I haven't read it and the cover is terrible but I owe him a plug.  http://t.co/hl6qZbeLfA",
            "time": "Mon Jun 23 04:45:30 +0000 2014"
        },
        {
            "id": "476412000487350273",
            "text": "\"How is this an issue? Just ask 10 fucking interview questions.\" http://t.co/2Yc1SCA9Qd",
            "time": "Tue Jun 10 17:14:06 +0000 2014"
        },
        {
            "id": "473838072162164736",
            "text": "Tony Abbott, Australia's President of the United States; https://t.co/9gWPtVditx",
            "time": "Tue Jun 03 14:46:14 +0000 2014"
        },
        {
            "id": "462244775219847168",
            "text": "Hour three: Sympathy milking period shorter than expected. @crashholly just stated, \"You're carrying on a bit. You didn't lose a whole arm.\"",
            "time": "Fri May 02 14:58:37 +0000 2014"
        },
        {
            "id": "462220313812422656",
            "text": "Home renovations, day one, hour one: Reattached top centimeter of thumb with super glue. http://t.co/Yp20yOwhV7",
            "time": "Fri May 02 13:21:25 +0000 2014"
        },
        {
            "id": "436850900808646656",
            "text": "Is your cat about to leave you? What to look out for: http://t.co/QvzlKNQzbd",
            "time": "Fri Feb 21 13:12:25 +0000 2014"
        },
        {
            "id": "436694308712755200",
            "text": "My friend Ken's ( @horseysurprise ) helpful participation  in a discussion regarding nutrition: http://t.co/nKkZtqyrBM",
            "time": "Fri Feb 21 02:50:11 +0000 2014"
        },
        {
            "id": "436594906274856961",
            "text": "@micsolana Yes, I don't know what I will do without the four dollars per month in royalties. I was saving up to buy a spatula.",
            "time": "Thu Feb 20 20:15:11 +0000 2014"
        },
        {
            "id": "434021074615808000",
            "text": "@magicpd I usually work in metric but am adapting to imperial. An inch is about 2.5 cubits right? Or .2 of a Lorde: http://t.co/yLcxq9MqO1",
            "time": "Thu Feb 13 17:47:42 +0000 2014"
        },
        {
            "id": "410621635712925696",
            "text": "@micsolana I kept #4 for you.",
            "time": "Wed Dec 11 04:06:41 +0000 2013"
        },
        {
            "id": "406444172921421824",
            "text": "@mckeetr It wasn't all that interesting; http://t.co/OtOixFbRsn",
            "time": "Fri Nov 29 15:26:56 +0000 2013"
        },
        {
            "id": "343005606426324994",
            "text": "A quick Friday post. \"Well perhaps you should leave the jokes to people who are funny.\"  http://t.co/H6M9bkepME",
            "time": "Fri Jun 07 14:04:43 +0000 2013"
        },
        {
            "id": "341199842573426688",
            "text": "(\u2022_\u2022)\n&lt;)   )/  all the single ladies\n /   \\\n\n ( \u2022_\u2022)\n\\(   (&gt;  all the single ladies\n /   \\\n\n(\u2022_\u2022)\n&lt;)   )/  oh oh oh\n /   \\",
            "time": "Sun Jun 02 14:29:16 +0000 2013"
        },
        {
            "id": "311079502568648704",
            "text": "@BrendonWalker I can't post the original brochure or mention the company name at this stage, I am in the middle of a commission with them.",
            "time": "Mon Mar 11 11:41:47 +0000 2013"
        },
        {
            "id": "311074218957754368",
            "text": "\"Drop-shadows lift the type off the page as if they are 3D. You probably don't even know how to do them.\" http://t.co/UQy4wQIys6",
            "time": "Mon Mar 11 11:20:47 +0000 2013"
        },
        {
            "id": "302844838741692417",
            "text": "@JamieRorison Working on third book at the moment. That's why there have been no website updates for a few months.",
            "time": "Sat Feb 16 18:20:10 +0000 2013"
        },
        {
            "id": "293765265290825728",
            "text": "In traffic. Replacing the brand name of cars with the word 'anal'. We're behind a 'ford' explorer and just passed a 'chevy' Impala.",
            "time": "Tue Jan 22 17:01:11 +0000 2013"
        },
        {
            "id": "293562560748331009",
            "text": "@ChaseByrne working on new book. A good one this time. That's why there has been little updates on the site.",
            "time": "Tue Jan 22 03:35:43 +0000 2013"
        },
        {
            "id": "293399501174087680",
            "text": "@luke4a4 It does look a bit like a jailhouse. It was my first attempt at building a squirrel house. I like squirrels. http://t.co/0oltDD8T",
            "time": "Mon Jan 21 16:47:46 +0000 2013"
        },
        {
            "id": "293397347898105856",
            "text": "@creativeblock_ It comes down to personal taste I guess. I have large hands and think the case looks great: http://t.co/qOvRzyRH",
            "time": "Mon Jan 21 16:39:13 +0000 2013"
        },
        {
            "id": "290674133136719872",
            "text": "@joshgad Ignore the critics, 1600 Penn is a modern comedic masterpiece. Like Jimmy Fallon's Capital One adverts.",
            "time": "Mon Jan 14 04:18:08 +0000 2013"
        },
        {
            "id": "288098341471010816",
            "text": "@KittyCat_Kelsey Ha. I *was* at Martins tonight. I was the one looking grumpy about being at Martins.",
            "time": "Mon Jan 07 01:42:51 +0000 2013"
        },
        {
            "id": "279299130818433026",
            "text": "@brembrembrem Working on the book now. Just need to sell a few copies of the first and second one so I don't starve before it's published.",
            "time": "Thu Dec 13 18:57:56 +0000 2012"
        },
        {
            "id": "262932350701289472",
            "text": "Ok, the hurricane winds are picking up in VA but I am prepped and ready for any eventuality: http://t.co/XDrIFBpJ",
            "time": "Mon Oct 29 15:02:12 +0000 2012"
        },
        {
            "id": "261470060835651584",
            "text": "Things Holly and I have argued about this week: http://t.co/SpQUBVbi",
            "time": "Thu Oct 25 14:11:35 +0000 2012"
        },
        {
            "id": "203150053941059584",
            "text": "Not every email I receive is negative and I'm not sure how to answer this one. http://t.co/g0RYl43R",
            "time": "Thu May 17 15:48:41 +0000 2012"
        },
        {
            "id": "200221201916899328",
            "text": "\"I don't know what you people do in your own country but in America we don't touch other peoples stuff\": http://t.co/Jl8G299d",
            "time": "Wed May 09 13:50:29 +0000 2012"
        },
        {
            "id": "194847954987790337",
            "text": "Seventeen reasons not to ask the internet for suggestions on naming a new puppy: http://t.co/jh0tBODZ",
            "time": "Tue Apr 24 17:59:07 +0000 2012"
        },
        {
            "id": "193360104437981185",
            "text": "Happy 20/4 to everyone ripped at work today. Or 4/20 for the Americans; http://t.co/vCr8e4kc",
            "time": "Fri Apr 20 15:26:56 +0000 2012"
        },
        {
            "id": "193036035666624512",
            "text": "\"It's a deal.\" http://t.co/wgcFEUBq",
            "time": "Thu Apr 19 17:59:11 +0000 2012"
        },
        {
            "id": "189367426071269376",
            "text": "Also, the full legal correspondence for those interested: http://t.co/G8qHWk0L",
            "time": "Mon Apr 09 15:01:27 +0000 2012"
        },
        {
            "id": "183061047991738368",
            "text": "Just found the perfect accessory for the next time I give my offspring a home haircut: http://t.co/NGK1JzlI",
            "time": "Fri Mar 23 05:22:09 +0000 2012"
        },
        {
            "id": "179944669977919488",
            "text": "Available now. With all new, never before published, words and pictures; http://t.co/sOrmul7C",
            "time": "Wed Mar 14 14:58:47 +0000 2012"
        },
        {
            "id": "170177280260317184",
            "text": "\"YOU HAVE TO DO YOUR TIMESHEETS. EVERYONE DOES.\" http://t.co/XYrmT1bD",
            "time": "Thu Feb 16 16:06:40 +0000 2012"
        },
        {
            "id": "160244255472893952",
            "text": "Due to a rep mistakingly thinking I was being helpful, this went out to a client today: http://t.co/fUVXzSaJ",
            "time": "Fri Jan 20 06:16:22 +0000 2012"
        },
        {
            "id": "157468716731351040",
            "text": "@jcasabona Yes, but Whitney isn't a comedy.",
            "time": "Thu Jan 12 14:27:22 +0000 2012"
        },
        {
            "id": "144437555549581314",
            "text": "No update. On strike until the producers of The Walking Dead admit there is no such thing as a 'Mid Season Finale'.",
            "time": "Wed Dec 07 15:26:11 +0000 2011"
        },
        {
            "id": "103841853576712192",
            "text": "Ten formal complaints in six months: http://t.co/YQ2lzFf",
            "time": "Wed Aug 17 14:53:21 +0000 2011"
        },
        {
            "id": "100242102155354112",
            "text": "Ignoring the sign, we were questioned, photographed & had our ID's taken. One of the soldiers called me a moron. http://t.co/mgZmJ6o",
            "time": "Sun Aug 07 16:29:14 +0000 2011"
        },
        {
            "id": "76279968790888448",
            "text": "Opinions are like nipples. Everybody has one. http://bit.ly/mM1dzi",
            "time": "Thu Jun 02 13:32:16 +0000 2011"
        },
        {
            "id": "73954174542417920",
            "text": "You know that feeling of guilt you get when the client is waiting and you have spent the whole morning on youtube? No, me either.",
            "time": "Fri May 27 03:30:23 +0000 2011"
        },
        {
            "id": "62637517844922368",
            "text": "New television commercial is looking good. If this doesn't convince people to buy the book, nothing will:  http://bit.ly/fa6AnD",
            "time": "Mon Apr 25 22:02:02 +0000 2011"
        },
        {
            "id": "41119129276661760",
            "text": "Ending all my emails today with The End. That way, everything I write is like an exciting story. \"I won't be in to work today. The End\"",
            "time": "Fri Feb 25 12:55:39 +0000 2011"
        },
        {
            "id": "37170010342301697",
            "text": "Girls don't get it. A gift certificate IS romantic. It says \"Whatever you want. It's your choice. And I know how much you like Wal-Mart.\"",
            "time": "Mon Feb 14 15:23:15 +0000 2011"
        },
        {
            "id": "37142302967201792",
            "text": "Happy Valentine's Day @CrashHolly. I'd take a bullet for you. One of those metal BBs, not the plastic ones. While wearing thin pants.",
            "time": "Mon Feb 14 13:33:09 +0000 2011"
        },
        {
            "id": "35070183550754816",
            "text": "Call me a cynic but I still have my doubts that John is emailing me from Canada: http://i.imgur.com/ieMzD.png",
            "time": "Tue Feb 08 20:19:17 +0000 2011"
        },
        {
            "id": "32814556615020544",
            "text": "Bees: http://www.27bslash6.com/Bees.gif",
            "time": "Wed Feb 02 14:56:14 +0000 2011"
        },
        {
            "id": "29926655602458624",
            "text": "Dear customer, You have no idea about running a business. I hope you fall and break your neck. http://www.27bslash6.com/f4s.html",
            "time": "Tue Jan 25 15:40:45 +0000 2011"
        },
        {
            "id": "2398029206261760",
            "text": "\"I'm sick of dealing with you designers. Being able to draw and dressing like women doesn't make you special.\"  \nhttp://bit.ly/bob27b6",
            "time": "Wed Nov 10 16:31:49 +0000 2010"
        },
        {
            "id": "29116296295",
            "text": "Just emailed an annoying client \"I have your children.\" Sent a second five minutes later stating \"Sorry, that email wasn't meant for you.\"",
            "time": "Fri Oct 29 19:27:38 +0000 2010"
        },
        {
            "id": "27549525133",
            "text": "Asked @CrashHolly if she had seen the movie Blade Runner and she replied \"No, I don't like vampire movies or Lesley Snipes.\"",
            "time": "Sat Oct 16 15:19:22 +0000 2010"
        },
        {
            "id": "27295319796",
            "text": "Last link wayward as I am retarded. \"I checked with Carol at the mini-golf hut and no pants were found on the fence\". http://bit.ly/c88fam",
            "time": "Thu Oct 14 01:10:14 +0000 2010"
        },
        {
            "id": "23924587749",
            "text": "\"I have read your website and it is obviously that your a foggot.\" http://www.27bslash6.com/foggot.html",
            "time": "Wed Sep 08 15:39:43 +0000 2010"
        },
        {
            "id": "21524556507",
            "text": "Hello Billy. http://i.imgur.com/94ePv.jpg",
            "time": "Wed Aug 18 22:13:28 +0000 2010"
        },
        {
            "id": "17999622492",
            "text": "Girls that said yes #1: @CrashHolly and I got married today. She was asleep and the celebrant was a dog but it still counts.",
            "time": "Thu Jul 08 02:11:28 +0000 2010"
        },
        {
            "id": "16874303441",
            "text": "\"yeah, thats not what I was looking for at all.\" http://www.27bslash6.com/missy.html",
            "time": "Wed Jun 23 20:13:52 +0000 2010"
        },
        {
            "id": "15773379269",
            "text": "The difference between Biology, micro biology & molecular biology explained: http://i.imgur.com/4tUEJ.jpg",
            "time": "Wed Jun 09 10:48:08 +0000 2010"
        },
        {
            "id": "15430787278",
            "text": "Approximately four seconds after visiting this site, my eyes exploded. http://yvettesbridalformal.com/index.htm",
            "time": "Fri Jun 04 17:23:01 +0000 2010"
        },
        {
            "id": "12602704666",
            "text": "Yay. Kate's having a party in her small apartment. Hit attending & give the host an aneurysm: http://tinyurl.com/29hrgfa",
            "time": "Wed Apr 21 22:50:00 +0000 2010"
        },
        {
            "id": "11622486868",
            "text": "25 minutes on Chatroulette.com is like a drill to the head: http://www.27bslash6.com/chat.html",
            "time": "Mon Apr 05 03:30:45 +0000 2010"
        },
        {
            "id": "11533081780",
            "text": "Due to people impersonating 27b/6, there is now a certified facebook page for those inclined. Hit it at: http://tinyurl.com/FB27bslash6",
            "time": "Sat Apr 03 12:56:34 +0000 2010"
        },
        {
            "id": "11397600847",
            "text": "According to @CrashHolly, I am a \"bad person\" for laughing at this: http://i.imgur.com/JEcO1.jpg",
            "time": "Thu Apr 01 01:13:17 +0000 2010"
        },
        {
            "id": "11337523935",
            "text": "It's always good to have balance in your life. Today I am 50% annoyed and 50% pissed off.",
            "time": "Wed Mar 31 00:30:59 +0000 2010"
        },
        {
            "id": "11240684864",
            "text": "omfg: http://i.imgur.com/jkQnF.jpg",
            "time": "Mon Mar 29 09:12:54 +0000 2010"
        },
        {
            "id": "11170718784",
            "text": "I really shouldn't find this so amusing but http://i.imgur.com/FfpVL.jpg",
            "time": "Sun Mar 28 01:06:11 +0000 2010"
        },
        {
            "id": "10714544819",
            "text": "\"Nowhere in the Bible does Jesus have a sword fight.\" www.27bslash6.com/easter.html",
            "time": "Fri Mar 19 09:15:56 +0000 2010"
        },
        {
            "id": "10497481050",
            "text": "Saw the Ellen Degeneres show for the first time today. She danced for the first 49 minutes then talked about her chair for the remaining 11.",
            "time": "Mon Mar 15 02:22:10 +0000 2010"
        },
        {
            "id": "9860847772",
            "text": "SA Police. Protecting the community from burglars, murderers and blogs: http://www.27bslash6.com/5pm.html",
            "time": "Tue Mar 02 05:04:23 +0000 2010"
        },
        {
            "id": "9311147601",
            "text": "One misplaced finger on the keyboard and an email sent to client ending with; Retards, David.",
            "time": "Fri Feb 19 01:07:17 +0000 2010"
        },
        {
            "id": "8784522542",
            "text": "Upload this as your facebook\u00ae photo and wait... http://i.imgur.com/oV5Cn.png",
            "time": "Sun Feb 07 23:40:53 +0000 2010"
        },
        {
            "id": "8618316359",
            "text": "Downloading form to have offsprings name legally changed to Nits. It is important to always have the last laugh.",
            "time": "Thu Feb 04 04:09:31 +0000 2010"
        },
        {
            "id": "8583911854",
            "text": "Congratulations @CrashHolly on making the top 100 in So You Think You Can Dance.",
            "time": "Wed Feb 03 11:25:34 +0000 2010"
        },
        {
            "id": "8169250362",
            "text": "Note to self: When offspring asks who Lady Godiva is, do *not* tell him to google \"lady on horse\".",
            "time": "Mon Jan 25 00:10:48 +0000 2010"
        },
        {
            "id": "8069978687",
            "text": "Apparently Sesquipedalophobia is the fear of long words. This must be a cruel joke on those looking up their illness.",
            "time": "Fri Jan 22 13:59:06 +0000 2010"
        },
        {
            "id": "8030979056",
            "text": "Offspring asked if spastic was a special kind of plastic. Told him he was a special kind of plastic.",
            "time": "Thu Jan 21 15:36:02 +0000 2010"
        },
        {
            "id": "7984896016",
            "text": "Girlfriend stated that she wants something romantic for this valentines day. Ordered a Mills & Boon novel from Amazon.",
            "time": "Wed Jan 20 13:18:44 +0000 2010"
        },
        {
            "id": "7978057987",
            "text": "New advertising slogan for Adelaide: \"Yes, I know... but hey, at least it isn't in New Zealand.\"",
            "time": "Wed Jan 20 06:35:07 +0000 2010"
        },
        {
            "id": "7977871773",
            "text": "Things to do in Adelaide:",
            "time": "Wed Jan 20 06:26:50 +0000 2010"
        },
        {
            "id": "7962218941",
            "text": "Caught offspring downloading inappropriate material. Had 'The talk'. Discussing monthly broadband fees and quota is never easy",
            "time": "Tue Jan 19 22:28:42 +0000 2010"
        },
        {
            "id": "7730185390",
            "text": "Because even red haired children require encouragement. And beatings of course. http://www.27bslash6.com/god.jpg",
            "time": "Thu Jan 14 01:27:34 +0000 2010"
        },
        {
            "id": "7647906537",
            "text": "My favourite sexual position is the shopping trolley. It's where you look at porn while your partner is out buying groceries.",
            "time": "Mon Jan 11 23:43:38 +0000 2010"
        },
        {
            "id": "7495723382",
            "text": "You mean I can sleep between layers of latex AND keep my vegetables crisp? http://tinyurl.com/y9k4v8h",
            "time": "Thu Jan 07 23:04:06 +0000 2010"
        },
        {
            "id": "7419626017",
            "text": "Offspring disappointed with snow globe & T-shirt souvenirs from America. Was expecting \"sniper rifle with night vision scope.\"",
            "time": "Tue Jan 05 23:31:30 +0000 2010"
        },
        {
            "id": "7044119759",
            "text": "Spent way too much on presents this Xmas. For myself. It's the thought that counts so I thought about how happy people would be for me.",
            "time": "Fri Dec 25 22:50:17 +0000 2009"
        },
        {
            "id": "6933656983",
            "text": "The Bagger 288: http://tinyurl.com/qjlnap",
            "time": "Tue Dec 22 16:30:48 +0000 2009"
        },
        {
            "id": "6836155578",
            "text": "Guide to Philadelphia: Tell partner you'd rather see space shuttle than meet her family, sleep on hotel couch, drive back in blizzard.",
            "time": "Sat Dec 19 18:42:13 +0000 2009"
        },
        {
            "id": "6724308810",
            "text": "Power went out today. Held onto the toaster with both hands & rubbed my socks vigorously across the carpet to make breakfast.",
            "time": "Wed Dec 16 08:02:47 +0000 2009"
        },
        {
            "id": "6427321526",
            "text": "RT @benfrid http://www.youtube.com/watch?v=JiV7M8Llkxo",
            "time": "Mon Dec 07 10:33:39 +0000 2009"
        },
        {
            "id": "6358827934",
            "text": "I wish my offspring had red hair. That way, if I beat him in public, everyone would cheer instead of frowning.",
            "time": "Sat Dec 05 03:22:14 +0000 2009"
        },
        {
            "id": "6319307951",
            "text": "Was told to dress up for interview. Apparently they didn't mean as a sexy space pirate.",
            "time": "Thu Dec 03 23:41:10 +0000 2009"
        },
        {
            "id": "6251647002",
            "text": "Offspring announced he is going to break up with his girlfriend today at school because \"she doesn't get the rules of handball.\"",
            "time": "Tue Dec 01 23:52:44 +0000 2009"
        },
        {
            "id": "6095271678",
            "text": "Watching Glee. Offspring asked if the guy in the wheelchair was acting or a parallelogram in real life.",
            "time": "Thu Nov 26 23:04:30 +0000 2009"
        },
        {
            "id": "6052329456",
            "text": "It's like twitter. Except we charge people to use it. http://www.27bslash6.com/p2p.html",
            "time": "Wed Nov 25 15:28:45 +0000 2009"
        },
        {
            "id": "5862174589",
            "text": "Offspring asked if I called cars 'horseless carriages' when I was young. His school lunch box today contains one raw potato.",
            "time": "Thu Nov 19 16:49:14 +0000 2009"
        },
        {
            "id": "5601471257",
            "text": "Need help with Modern Warfare 2 - I have the gold and silver keys but cannot defeat the dragon guarding the castle on level six.",
            "time": "Tue Nov 10 22:31:00 +0000 2009"
        },
        {
            "id": "5545995006",
            "text": "I would describe the haircut I gave my offspring as \"will look ok in a few weeks\" not \"the worse thing ever to happen to me.\"",
            "time": "Mon Nov 09 00:55:34 +0000 2009"
        },
        {
            "id": "5352340364",
            "text": "I used to worry a lot about paying bills & having food in the fridge. These things no longer concern me at all. Thanks drugs.",
            "time": "Mon Nov 02 01:57:29 +0000 2009"
        },
        {
            "id": "5327442636",
            "text": "Latest quote from Seb: \"We should sell everything we own and with the money buy something nice instead.\"",
            "time": "Sun Nov 01 01:20:39 +0000 2009"
        },
        {
            "id": "4904890680",
            "text": "The best part about payday is that for a few hours I get to be a hundredaire.",
            "time": "Fri Oct 16 01:57:23 +0000 2009"
        },
        {
            "id": "4582619310",
            "text": "New article uploaded to: http://www.27bslash6.com/grubby.html",
            "time": "Sat Oct 03 17:00:39 +0000 2009"
        },
        {
            "id": "4165635076",
            "text": "This page, when printed and rolled into a tube, serves as a telescope with surprisingly clear 1:1 magnification.",
            "time": "Tue Sep 22 05:02:55 +0000 2009"
        },
        {
            "id": "4142111661",
            "text": "Creationists and Intelligent Design advocates are the same thing. Like a clown and a clown carrying an umbrella.",
            "time": "Mon Sep 21 07:30:22 +0000 2009"
        },
        {
            "id": "4067349287",
            "text": "Free kittens: http://www.27bslash6.com/ok.png",
            "time": "Fri Sep 18 00:41:48 +0000 2009"
        },
        {
            "id": "4044926820",
            "text": "Wondering if anyone in the office would notice if I took drugs, got naked, then danced on my desk. Slowly. To enya or something.",
            "time": "Thu Sep 17 02:22:40 +0000 2009"
        },
        {
            "id": "4021589497",
            "text": "Possibly the lamest excuse for an R2D2 costume I have ever seen: http://www.27bslash6.com/r2d2.png",
            "time": "Wed Sep 16 03:33:47 +0000 2009"
        },
        {
            "id": "3855898654",
            "text": "I own 382 dvds and they are all crap. Except Waterworld. That movie is awesome. My favourite bit is where they are on the ocean.",
            "time": "Wed Sep 09 03:22:42 +0000 2009"
        },
        {
            "id": "3593551526",
            "text": "Have printed several thousand of these off at work and intend to keep several on hand at all times: http://www.27bslash6.com/sorry.jpg",
            "time": "Fri Aug 28 02:01:02 +0000 2009"
        },
        {
            "id": "3590341892",
            "text": "I wish I had another arm sometimes. It's impossible to smoke a cigarette, send a text message and steer around cyclists at the same time.",
            "time": "Thu Aug 27 23:15:19 +0000 2009"
        },
        {
            "id": "3396364054",
            "text": "Simon, pink is not a real colour. It is just a gay red.",
            "time": "Wed Aug 19 02:06:01 +0000 2009"
        },
        {
            "id": "3325509361",
            "text": "@jasminemoy No. Not as hot either but just as many spots. I was witness to flares once though & they can both be described as 'gas giants'.",
            "time": "Sat Aug 15 08:32:48 +0000 2009"
        },
        {
            "id": "3297845922",
            "text": "Every morning I say \"hello sunshine\" to my boss. He thinks it is a term of endearment but it is because his head is the size of the sun.",
            "time": "Fri Aug 14 00:53:45 +0000 2009"
        },
        {
            "id": "3256482648",
            "text": "Looking at buying a dog for Seb. Definitely not a Labrador though, they are the holden commodore of the dog world.",
            "time": "Wed Aug 12 01:31:49 +0000 2009"
        },
        {
            "id": "3238776033",
            "text": "@slyseb You are in so much trouble.",
            "time": "Tue Aug 11 03:25:36 +0000 2009"
        },
        {
            "id": "3174428903",
            "text": "Waiting behind a door for your boss to walk in then flicking him in the neck with a rubber band does not go down as well as you may think.",
            "time": "Fri Aug 07 05:03:06 +0000 2009"
        },
        {
            "id": "3172312823",
            "text": "After some thought, I have changed my mind about the horse.",
            "time": "Fri Aug 07 01:40:02 +0000 2009"
        },
        {
            "id": "2863201726",
            "text": "Science Fact: Everyone with the name Shannon has anal warts.",
            "time": "Mon Jul 27 02:35:10 +0000 2009"
        },
        {
            "id": "1315417696",
            "text": "Having been asked four times in the last week if I 'twitter', I am going to until someone tells how I am doing it wrong and its point.",
            "time": "Thu Mar 12 10:38:16 +0000 2009"
        }
    ]
}