{
    "user_id": "22511135",
    "gender": "male",
    "age": 51,
    "age_range": "45-54",
    "year_of_birth": 1967,
    "english": "gb",
    "handle": "bishter",
    "tweets": [
        {
            "id": "3991942696",
            "text": "@Mikeejo Yep! Totally @NHLBruins. ^BISH",
            "time": "Mon Sep 14 23:50:00 +0000 2009"
        },
        {
            "id": "3697609603",
            "text": "Okay, one more reminder. Don't miss the #Bruins new home on Twitter. Catch all of the news and my updates @NHLBruins!",
            "time": "Tue Sep 01 21:48:31 +0000 2009"
        },
        {
            "id": "3168284605",
            "text": "Hey guys! It looks like you all haven't started following @nhlbruins. I just wanted to remind you that I will tweet from there this year!",
            "time": "Thu Aug 06 19:37:42 +0000 2009"
        },
        {
            "id": "2650957833",
            "text": "Hey guys! This will be my last post here at Bishter, but I will be posting at NHLBruins from now on. Please follow me over there. Thanks!",
            "time": "Wed Jul 15 13:40:57 +0000 2009"
        },
        {
            "id": "2619740094",
            "text": "The Bruins have signed four players to one-year contracts:  http://bit.ly/11wUg0",
            "time": "Mon Jul 13 20:14:20 +0000 2009"
        },
        {
            "id": "2568475422",
            "text": "The B's preseason schedule just went up! http://bit.ly/cZoJz",
            "time": "Fri Jul 10 14:13:48 +0000 2009"
        },
        {
            "id": "2522502012",
            "text": "Boston has signed Sabourin and Fata. Details to follow on BostonBruins.com.",
            "time": "Tue Jul 07 22:41:52 +0000 2009"
        },
        {
            "id": "2443747652",
            "text": "The B's have signed Mark Recchi. Details to follow on BostonBruins.com.",
            "time": "Thu Jul 02 21:40:22 +0000 2009"
        },
        {
            "id": "2442784365",
            "text": "The B's have posted the schedule/roster for the club's 3rd Annual Development Camp: http://bit.ly/mRO3I",
            "time": "Thu Jul 02 20:32:20 +0000 2009"
        },
        {
            "id": "2437191933",
            "text": "Hockey Canada has included the B's Milan Lucic on the roster of 46 players that will attend Canada\u2019s National Men\u2019s Team orientation camp.",
            "time": "Thu Jul 02 14:03:02 +0000 2009"
        },
        {
            "id": "2428355596",
            "text": "The B's have re-signed Johnny Boychuk.",
            "time": "Wed Jul 01 23:45:30 +0000 2009"
        },
        {
            "id": "2428148822",
            "text": "Audio from the Peter Chiarelli, Byron Bitz and Steve B\u00e9gin conference calls is linked on the front page of BostonBruins.com.",
            "time": "Wed Jul 01 23:29:59 +0000 2009"
        },
        {
            "id": "2427171519",
            "text": "The Bruins have signed Steve Begin. Details to follow on BostonBruins.com.",
            "time": "Wed Jul 01 22:17:15 +0000 2009"
        },
        {
            "id": "2426579385",
            "text": "Bitzy Cat is back! The Boston Bruins have re-signed Byron Bitz. Details to follow on BostonBruins.com",
            "time": "Wed Jul 01 21:34:32 +0000 2009"
        },
        {
            "id": "2411298449",
            "text": "B's official release on Schaefer:  http://bit.ly/Ms9CL",
            "time": "Tue Jun 30 23:06:26 +0000 2009"
        },
        {
            "id": "2411130639",
            "text": "Peter Schaefer will be bought out by the B's. Details to follow on BostonBruins.com.",
            "time": "Tue Jun 30 22:53:40 +0000 2009"
        },
        {
            "id": "2405842383",
            "text": "Boston Bruins Tim Thomas and Phil Kessel have been invited to Team USA's Olympic Orientation Camp: http://bit.ly/Q0m6D",
            "time": "Tue Jun 30 16:33:23 +0000 2009"
        },
        {
            "id": "2361362979",
            "text": "With their final pick Boston chose Ben Sexton.",
            "time": "Sat Jun 27 17:42:53 +0000 2009"
        },
        {
            "id": "2360817982",
            "text": "With the 176th pick the B's select Tyler Randell.",
            "time": "Sat Jun 27 16:53:50 +0000 2009"
        },
        {
            "id": "2360496006",
            "text": "In the 4th Round, with the 112th pick, Boston chose Lane MacDermid. The B's next pick is in the 6th round.",
            "time": "Sat Jun 27 16:26:24 +0000 2009"
        },
        {
            "id": "2359628055",
            "text": "Boston selects Ryan Button with the 86th pick...",
            "time": "Sat Jun 27 15:13:36 +0000 2009"
        },
        {
            "id": "2358366418",
            "text": "The B's staff is back in the Bell Center for rounds 2-7. Watch all the picks at BostonBruins.com. Coverage begins at 10 a.m.",
            "time": "Sat Jun 27 12:51:21 +0000 2009"
        },
        {
            "id": "2353766503",
            "text": "The B's pick is Jordan Caron.",
            "time": "Sat Jun 27 02:28:51 +0000 2009"
        },
        {
            "id": "2351562041",
            "text": "Peter Chiarelli's final interview before the draft (video): http://bit.ly/117LCn",
            "time": "Fri Jun 26 23:16:13 +0000 2009"
        },
        {
            "id": "2350129196",
            "text": "I'm in the Bell Centre. The young man who is working as the B's runner (and wearing a B's jersey) has already been booed. Welcome back B's!",
            "time": "Fri Jun 26 21:23:30 +0000 2009"
        },
        {
            "id": "2345518080",
            "text": "B's GM: \"We have a full day...and we have that 3 or 4 hr period on the draft floor - a lot of different things happen.\"  http://bit.ly/NF6BY",
            "time": "Fri Jun 26 15:50:32 +0000 2009"
        },
        {
            "id": "2344304815",
            "text": "Lots of rumors flying around Montreal. Go to BostonBruins.com for all the facts! B's GM Peter Chiarelli will speak at 11 a.m.",
            "time": "Fri Jun 26 14:20:45 +0000 2009"
        },
        {
            "id": "2231141812",
            "text": "Vegas Baby! Big night at the NHL Awards for the B's! Look for video, pictures and prose on BostonBruins.com and bostonbruinstv.com!",
            "time": "Fri Jun 19 01:06:00 +0000 2009"
        },
        {
            "id": "2230879759",
            "text": "Chara wins the Norris. That's four awards for Boston!",
            "time": "Fri Jun 19 00:44:10 +0000 2009"
        },
        {
            "id": "2230754032",
            "text": "Coach Claude Julien wins the Jack Adams!",
            "time": "Fri Jun 19 00:33:25 +0000 2009"
        },
        {
            "id": "2230676855",
            "text": "Tim Thomas wins the Vezina Trophy!",
            "time": "Fri Jun 19 00:27:01 +0000 2009"
        },
        {
            "id": "2230462099",
            "text": "Fernandez and Thomas accept the Jennings Trophy.",
            "time": "Fri Jun 19 00:08:51 +0000 2009"
        },
        {
            "id": "2229987199",
            "text": "The NHL Awards Show from Las Vegas is on Versus at 7:30! And don't forget to watch along with me at Bish's Blog: http://bit.ly/1W5Zvn",
            "time": "Thu Jun 18 23:29:07 +0000 2009"
        },
        {
            "id": "2211141166",
            "text": "Ference has successful surgery:  http://bit.ly/19Ni5",
            "time": "Wed Jun 17 19:29:08 +0000 2009"
        },
        {
            "id": "2182730057",
            "text": "Check out the official Chiarelli release here:  http://bit.ly/Vv23G",
            "time": "Mon Jun 15 20:33:33 +0000 2009"
        },
        {
            "id": "2182581914",
            "text": "BostonBruins.com has learned that the B's have extended the contract of GM Peter Chiarelli. Details to follow.",
            "time": "Mon Jun 15 20:21:45 +0000 2009"
        },
        {
            "id": "2132232230",
            "text": "WEEI's Dale & Holley Ownership Series continues today with B's Owner Jeremy Jacobs at 12:10 p.m. NHL Commissioner Gary Bettman will join him",
            "time": "Fri Jun 12 15:08:32 +0000 2009"
        },
        {
            "id": "2034731362",
            "text": "David  Krejci has successful surgery. http://bit.ly/TwhAL",
            "time": "Thu Jun 04 21:28:21 +0000 2009"
        },
        {
            "id": "2008024185",
            "text": "David Krejci has re-signed with the Bruins. Full details to follow on BostonBruins.com...",
            "time": "Tue Jun 02 20:30:27 +0000 2009"
        },
        {
            "id": "2004235407",
            "text": "Zdeno Chara has been named a finalist for the Messier Leadership Award. http://bit.ly/QzPGT",
            "time": "Tue Jun 02 14:53:07 +0000 2009"
        },
        {
            "id": "1994921459",
            "text": "Did you notice? The Habs have hired their new head coach -- Jacques Martin. http://bit.ly/155Tds\n|NHL|Home",
            "time": "Mon Jun 01 19:40:09 +0000 2009"
        },
        {
            "id": "1872032988",
            "text": "Kessel has successful surgery: http://bit.ly/L2plu",
            "time": "Thu May 21 15:37:37 +0000 2009"
        },
        {
            "id": "1859452012",
            "text": "GM Peter Chiarelli (Executive of the Year) and Coach Claude Julien (Coach of the Year) have been recognized by The Sporting News.",
            "time": "Wed May 20 14:11:00 +0000 2009"
        },
        {
            "id": "1836693577",
            "text": "It's becoming apparent that the B's were a banged up group. Recchi had kidney stone surgery before Game 7. Krejci will have hip surgery.",
            "time": "Mon May 18 15:26:39 +0000 2009"
        },
        {
            "id": "1836043898",
            "text": "Long time no tweet. Kessel just revealed he will have shoulder surgery. More in a bit.",
            "time": "Mon May 18 14:15:43 +0000 2009"
        },
        {
            "id": "1802662858",
            "text": "A heartbreaker. B's fall in OT.",
            "time": "Fri May 15 03:58:12 +0000 2009"
        },
        {
            "id": "1800550639",
            "text": "It's Ward vs. Thomas. #26 is the Boston scratch. Live blog: http://bit.ly/CYT7h",
            "time": "Thu May 14 23:54:20 +0000 2009"
        },
        {
            "id": "1795343004",
            "text": "Marc Savard is on the ice. #21 remains off the ice. #'s 16 and 48 skated earlier. Another intense morning skate -- very much like Game 6.",
            "time": "Thu May 14 14:36:14 +0000 2009"
        },
        {
            "id": "1795121063",
            "text": "Okay guys, team on the ice at 10:30. Thanks for all the Cam ?s. Twitter had some probs. Sorry we didn't get to use as many as we'd like.",
            "time": "Thu May 14 14:11:51 +0000 2009"
        },
        {
            "id": "1787136357",
            "text": "Looking for some questions for WebCam. Send them in now and Cam will answer a few.",
            "time": "Wed May 13 18:38:51 +0000 2009"
        },
        {
            "id": "1786947079",
            "text": "Claude Julien spoke today about Marc Savard and Game 7: \"I don't anticipate any reason why he shouldn't play.\"",
            "time": "Wed May 13 18:19:07 +0000 2009"
        },
        {
            "id": "1779911134",
            "text": "We're shipping up to Boston! Get ready for Game 7.",
            "time": "Wed May 13 01:44:59 +0000 2009"
        },
        {
            "id": "1778378762",
            "text": "It looks like the same lineup for Boston. Wheeler is the scratch.",
            "time": "Tue May 12 22:51:03 +0000 2009"
        },
        {
            "id": "1776198334",
            "text": "Don't miss today's pregame video. Watch Julien, Ward, Maurice and Staal, here: http://bit.ly/Q1YcU",
            "time": "Tue May 12 18:58:23 +0000 2009"
        },
        {
            "id": "1774342622",
            "text": "Ward and Chara are on the ice for the pregame skate. Ference is the only missing face. A very intense morning skate.",
            "time": "Tue May 12 15:35:04 +0000 2009"
        },
        {
            "id": "1764067865",
            "text": "Only four players on the ice this morning: #'s 35, 48, 26, 16.",
            "time": "Mon May 11 15:47:34 +0000 2009"
        },
        {
            "id": "1759569704",
            "text": "What a terrific effort by Boston. They force Game 6 with a 4-0 win.",
            "time": "Mon May 11 02:30:19 +0000 2009"
        },
        {
            "id": "1758167606",
            "text": "In goal: Cam Ward vs. Tim Thomas. B's scratches look like: #21, 26. If you are in the Garden let's show Carolina how loud Boston can be!",
            "time": "Sun May 10 23:12:26 +0000 2009"
        },
        {
            "id": "1754875207",
            "text": "Andrew Ference is the only missing face at B's morning skate.",
            "time": "Sun May 10 14:38:16 +0000 2009"
        },
        {
            "id": "1748677726",
            "text": "The B's had a long day at Wilmington. One hour off ice. One hour on. Recchi did not skate.",
            "time": "Sat May 09 19:43:20 +0000 2009"
        },
        {
            "id": "1742898877",
            "text": "Boston fell to the Hurricanes, 4-1. Sunday's pivotal Game 5 is back in Boston at 7:30PM.",
            "time": "Sat May 09 02:12:30 +0000 2009"
        },
        {
            "id": "1741598503",
            "text": "It's Tim Thomas vs. Cam Ward in goal. I don't see Thornton. Ference is out. Hnidy and Bitz are on the ice.",
            "time": "Fri May 08 23:05:09 +0000 2009"
        },
        {
            "id": "1739813553",
            "text": "We have a winner. Thanks for playing. The answer is Calgary.",
            "time": "Fri May 08 18:03:45 +0000 2009"
        },
        {
            "id": "1739803771",
            "text": "In 2002-03, Ference, Kobasew, Montador, Savard, and Yelle all played games for the same team. Name the team? First to respond gets 2 tix.",
            "time": "Fri May 08 18:02:38 +0000 2009"
        },
        {
            "id": "1739719478",
            "text": "Everyone still want tickets to Game 5? Get ready for some trivia...",
            "time": "Fri May 08 17:52:58 +0000 2009"
        },
        {
            "id": "1738528331",
            "text": "The B's are on the ice for morning skate. #21 is the only missing player.",
            "time": "Fri May 08 15:38:59 +0000 2009"
        },
        {
            "id": "1729548051",
            "text": "Sorry for a slow news day. But keep a lookout for another trivia question in the next 36 hours! You never know  when it will show up...",
            "time": "Thu May 07 18:24:11 +0000 2009"
        },
        {
            "id": "1727475284",
            "text": "No practice for the Bruins on Thursday. Coach Julien will speak to the media this morning. We'll bring you the news in a bit...",
            "time": "Thu May 07 14:27:55 +0000 2009"
        },
        {
            "id": "1723428936",
            "text": "The Bruins dropped a close one in overtime, 3-2. Just a plain old scramble in front. Carolina now leads the series 2-1.",
            "time": "Thu May 07 02:44:40 +0000 2009"
        },
        {
            "id": "1721624693",
            "text": "It's almost game time. Thomas vs. Ward in goal. Bitz and Hnidy are the scratches. Head over to BostonBruins.com to follow my live blog!",
            "time": "Wed May 06 23:11:52 +0000 2009"
        },
        {
            "id": "1717576157",
            "text": "The Bruins are on the ice. Chuck Kobasew is on the ice. Axelsson and Thornton are not.",
            "time": "Wed May 06 15:37:02 +0000 2009"
        },
        {
            "id": "1707735197",
            "text": "The Bruins practiced this morning and are now on the plane and ready to leave for Carolina...",
            "time": "Tue May 05 16:56:18 +0000 2009"
        },
        {
            "id": "1696752574",
            "text": "No skate for the B's today. All off-ice work. I'll post an update in my blog, soon.",
            "time": "Mon May 04 15:54:44 +0000 2009"
        },
        {
            "id": "1692248190",
            "text": "Tough game for the B's tonight. The boys fired 35 on Ward, but couldn't get one past him and fell 3-0. Series tied up at 1.",
            "time": "Mon May 04 02:35:21 +0000 2009"
        },
        {
            "id": "1690767958",
            "text": "Ok. Hnidy and Bitz are the scratches. Kessel is in. Live Blog:http://bruins.nhl.com/team/app?articleid=421252&page=NewsPage&service=page",
            "time": "Sun May 03 23:19:57 +0000 2009"
        },
        {
            "id": "1687158221",
            "text": "Optional skate for Boston: Kessel was on the ice.",
            "time": "Sun May 03 14:56:08 +0000 2009"
        },
        {
            "id": "1675367316",
            "text": "Wow. So much for the rust. The B's return with a dominating 4-1 win in Game 1.",
            "time": "Sat May 02 02:22:47 +0000 2009"
        },
        {
            "id": "1671457149",
            "text": "The NHL announced today that Boston Bruins head coach Claude Julien has been named one of three finalists for the Jack Adams Award.",
            "time": "Fri May 01 18:17:02 +0000 2009"
        },
        {
            "id": "1670916019",
            "text": "We have a winner. On 10.12.72, the NE Whalers beat the visiting Philadelphia Blazers, 4-3, before 14,442 spectators at the Boston Garden.",
            "time": "Fri May 01 17:15:50 +0000 2009"
        },
        {
            "id": "1670874335",
            "text": "In which arena did the Carolina Hurricanes franchise play their first game? Hint: Think WHA. First to respond wins 2 tix to Game 2 on Sunday",
            "time": "Fri May 01 17:11:07 +0000 2009"
        },
        {
            "id": "1670835235",
            "text": "Get ready. Grab your thinkin' caps... a question is coming.",
            "time": "Fri May 01 17:06:43 +0000 2009"
        },
        {
            "id": "1669886243",
            "text": "Julien: Ference will be a game time decision.",
            "time": "Fri May 01 15:19:38 +0000 2009"
        },
        {
            "id": "1669454647",
            "text": "Optional skate for Boston. No morning skate for Carolina...",
            "time": "Fri May 01 14:29:05 +0000 2009"
        },
        {
            "id": "1658958001",
            "text": "I have a set of tickets for Game 2! Make sure to keep a lookout today or Friday for another trivia question...",
            "time": "Thu Apr 30 13:49:09 +0000 2009"
        },
        {
            "id": "1658834610",
            "text": "We have a winner! Thanks for playing! The answer was Eddie LeBec.",
            "time": "Thu Apr 30 13:34:16 +0000 2009"
        },
        {
            "id": "1658815920",
            "text": "On Cheers, Carla Tortelli had a boyfriend who played goal for the B's. What was the fictional backstop's name? First to answer wins...",
            "time": "Thu Apr 30 13:32:03 +0000 2009"
        },
        {
            "id": "1658775934",
            "text": "Okay. Get ready for Bruins Trivia! This time we are playing for two tickets to Game 1. The category is TV...",
            "time": "Thu Apr 30 13:27:12 +0000 2009"
        },
        {
            "id": "1651312053",
            "text": "Michael Ryder will be the guest on Covidien's Rinkside Chats today at 3:00 p.m. on BostonBruins.com: http://bruins.nhl.com/chats/chats.htm",
            "time": "Wed Apr 29 18:32:26 +0000 2009"
        },
        {
            "id": "1645088377",
            "text": "The Bruins will take on Carolina in round two of the Stanley Cup Playoffs. Keep checking BostonBruins.com for the series schedule...",
            "time": "Wed Apr 29 02:15:17 +0000 2009"
        },
        {
            "id": "1641268715",
            "text": "We've got a winner. The answer was David Krejci! Happy Birthday David!",
            "time": "Tue Apr 28 18:23:09 +0000 2009"
        },
        {
            "id": "1641248000",
            "text": "One of the Bruins is celebrating a birthday today. He was born 4/28/86. Who is he?",
            "time": "Tue Apr 28 18:20:45 +0000 2009"
        },
        {
            "id": "1641235931",
            "text": "Slow news day. But let's do some trivia. Today we are playing for a B's hat and t-shirt. Get ready for the question. First to answer, wins.",
            "time": "Tue Apr 28 18:19:22 +0000 2009"
        },
        {
            "id": "1631781459",
            "text": "Check out the Matt Hunwick interview on bostonbruinsTV: http://bruins.nhl.tv/team/console.jsp?catid=660&id=40830",
            "time": "Mon Apr 27 19:34:22 +0000 2009"
        },
        {
            "id": "1631043042",
            "text": "We have a winner! Thanks for playing. The answer is Patrick Swayze.",
            "time": "Mon Apr 27 18:06:21 +0000 2009"
        },
        {
            "id": "1631029322",
            "text": "Who played Derek Sutton in the movie Youngblood? First to answer wins.",
            "time": "Mon Apr 27 18:04:44 +0000 2009"
        },
        {
            "id": "1630997705",
            "text": "Anyone up for some hockey trivia? Get ready for your question and a chance at a Bruins sweatshirt. The category is hockey movies...",
            "time": "Mon Apr 27 18:00:54 +0000 2009"
        },
        {
            "id": "1630546176",
            "text": "The NHL has named Tim Thomas a Vezina Finalist...",
            "time": "Mon Apr 27 17:07:48 +0000 2009"
        },
        {
            "id": "1614753647",
            "text": "The Bruins earned a day off from practice on Sunday...",
            "time": "Sat Apr 25 19:07:41 +0000 2009"
        },
        {
            "id": "1613553747",
            "text": "Wilmington, MA: Andrew Ference is back on the ice with the Bruins for today's noontime practice.",
            "time": "Sat Apr 25 16:10:03 +0000 2009"
        },
        {
            "id": "1608986362",
            "text": "Aaron Ward did a great job on NESN's Red Sox vs. Yankees broadcast. He chatted with Don and Jerry during the 4th inning.",
            "time": "Sat Apr 25 00:30:05 +0000 2009"
        },
        {
            "id": "1605667957",
            "text": "More good news. Julien says of Andrew Ference: \"By the beginning of the week, he'll be with our team.\"",
            "time": "Fri Apr 24 17:37:21 +0000 2009"
        },
        {
            "id": "1595889824",
            "text": "And the hits just keep on coming: Boston Bruins captain Zdeno Chara has been named a Norris Trophy finalist!",
            "time": "Thu Apr 23 17:24:08 +0000 2009"
        },
        {
            "id": "1590931876",
            "text": "BTW, did you see the Bear make a special appearance? Check out his moves here: http://tinyurl.com/cby3qe",
            "time": "Thu Apr 23 02:59:15 +0000 2009"
        },
        {
            "id": "1590885127",
            "text": "The B's are on their way to the airport -- and a day off on Thursday. How sweep it is, indeed!",
            "time": "Thu Apr 23 02:52:55 +0000 2009"
        },
        {
            "id": "1590758436",
            "text": "Bruins sweep Montreal, win Game 4, 4-1. Michael Ryder had two goals.",
            "time": "Thu Apr 23 02:36:18 +0000 2009"
        },
        {
            "id": "1588939442",
            "text": "Tim Thomas will face Carey Price in goal. It looks like Bitz and Ference are the scratches for Boston.",
            "time": "Wed Apr 22 22:42:20 +0000 2009"
        },
        {
            "id": "1586816967",
            "text": "Having served his one game suspension, Claude Julien confirmed that Milan Lucic will return to the B's lineup this evening.",
            "time": "Wed Apr 22 18:15:33 +0000 2009"
        },
        {
            "id": "1585189504",
            "text": "Carey Price was the first goalie off the ice after MTL's skate, which usually indicates the starter.",
            "time": "Wed Apr 22 14:53:34 +0000 2009"
        },
        {
            "id": "1578507346",
            "text": "All of the B's (- #21) skated in a high energy skate. Julien on the B's: \"There hasn't been anyone in that room...that has disappointed me.\"",
            "time": "Tue Apr 21 21:01:12 +0000 2009"
        },
        {
            "id": "1575182915",
            "text": "The B's practice at 2. Until then, check out bostonbruinsTV to see Coach Julien's postgame presser: http://bruins.nhl.tv/team/console.jsp",
            "time": "Tue Apr 21 14:17:20 +0000 2009"
        },
        {
            "id": "1571100443",
            "text": "B's win 4-2. They are up 3-0. A great way to end Patriots Day!",
            "time": "Tue Apr 21 01:39:06 +0000 2009"
        },
        {
            "id": "1569674737",
            "text": "Tim Thomas vs. Carey Price in goal. Byron Bitz will make his playoff debut.",
            "time": "Mon Apr 20 22:38:02 +0000 2009"
        },
        {
            "id": "1567931522",
            "text": "BTW: Coach Gainey would NOT name his lineup for tonight during his press briefing. Hmmmm. You can listen to that on the Mother Ship, too.",
            "time": "Mon Apr 20 19:03:24 +0000 2009"
        },
        {
            "id": "1567915691",
            "text": "Okay. I've got lots of info up on Bish's Blog, including podcasts of Milan Lucic, Peter Chiarelli and Claude Julien: http://tinyurl.com/ ...",
            "time": "Mon Apr 20 19:01:29 +0000 2009"
        },
        {
            "id": "1565963283",
            "text": "Carey Price was the first goalie off for the Habs during morning skate.",
            "time": "Mon Apr 20 14:55:56 +0000 2009"
        },
        {
            "id": "1558673492",
            "text": "No practice for the B's this morning. Just a team meeting and a flight to MTL. Anyone else remember a better game this season?",
            "time": "Sun Apr 19 16:04:30 +0000 2009"
        },
        {
            "id": "1555523934",
            "text": "If you missed the game, you missed a 5-1 B's win and a Bergeron fighting major!",
            "time": "Sun Apr 19 02:57:43 +0000 2009"
        },
        {
            "id": "1555113727",
            "text": "Look for a Matt Hunwick update at BostonBruins.com: http://tinyurl.com/ckd3xt",
            "time": "Sun Apr 19 01:50:52 +0000 2009"
        },
        {
            "id": "1554313714",
            "text": "Carey Price vs. Tim Thomas in goal. Look for Shane Hnidy on defense. BItz is the scratch along with Ference.",
            "time": "Sat Apr 18 23:39:11 +0000 2009"
        },
        {
            "id": "1553191248",
            "text": "The Bull Gang is well into the switchover from basketball to hockey...",
            "time": "Sat Apr 18 20:36:41 +0000 2009"
        },
        {
            "id": "1551503951",
            "text": "Matt Hunwick has been taken to the hospital. \"It's related to [his] spleen,\" said Claude Julien. Keep it at BostonBruins.com for the latest.",
            "time": "Sat Apr 18 16:13:53 +0000 2009"
        },
        {
            "id": "1550930183",
            "text": "No morning skate for Boston OR Montreal this morning. The B's will meet with the media around 10:45 a.m.",
            "time": "Sat Apr 18 14:40:02 +0000 2009"
        },
        {
            "id": "1544841986",
            "text": "We have a winner. Keep following for another contest. Thanks for playing.",
            "time": "Fri Apr 17 19:35:04 +0000 2009"
        },
        {
            "id": "1544826633",
            "text": "According to yesterday's tweet/blog, which Canadien was front and center watching the B's practice?",
            "time": "Fri Apr 17 19:33:12 +0000 2009"
        },
        {
            "id": "1544799109",
            "text": "Who wants tickets? Get ready for a trivia question... the first to reply with the right answer gets 2 tickets for Saturday's game.",
            "time": "Fri Apr 17 19:29:45 +0000 2009"
        },
        {
            "id": "1543114891",
            "text": "It looks like everyone besides Andrew Ference is on the ice for Boston's 12:00 p.m. practice in Wilmington.",
            "time": "Fri Apr 17 16:01:29 +0000 2009"
        },
        {
            "id": "1538740345",
            "text": "The B's take Game 1 of the series, 4-2.",
            "time": "Fri Apr 17 02:11:49 +0000 2009"
        },
        {
            "id": "1537353014",
            "text": "You can add Hnidy to the scratch list. Look for Wheeler on the Yelle line with Thornton.",
            "time": "Thu Apr 16 22:46:36 +0000 2009"
        },
        {
            "id": "1537342392",
            "text": "Bitz, Ference are tonight's scratches for Boston.",
            "time": "Thu Apr 16 22:45:02 +0000 2009"
        },
        {
            "id": "1537247610",
            "text": "It's Carey Price vs. Tim Thomas in goal. Much less bleu, blanc et rouge in the building this evening...",
            "time": "Thu Apr 16 22:30:33 +0000 2009"
        },
        {
            "id": "1535230321",
            "text": "Canadiens coach/gm Bob Gainey reports that Habs D-man Andrei Markov did not make the trip to Boston.",
            "time": "Thu Apr 16 17:28:48 +0000 2009"
        },
        {
            "id": "1534024537",
            "text": "A couple of members of the Montreal Canadiens were watching the B's practice, including Georges Laraque. I wonder if he is playing tonight?",
            "time": "Thu Apr 16 14:42:24 +0000 2009"
        },
        {
            "id": "1533992953",
            "text": "Welcome to the playoffs. The B's are in the middle of their morning skate: Missing: Yelle, Recchi, Ryder, Savard, Axelsson & Ference.",
            "time": "Thu Apr 16 14:37:58 +0000 2009"
        },
        {
            "id": "1527724222",
            "text": "There's still time to chat with Mark Recchi! Head over to BostonBruins.com: http://bruins.nhl.com/chats/chats.htm",
            "time": "Wed Apr 15 19:37:39 +0000 2009"
        },
        {
            "id": "1525794730",
            "text": "Sobotka was sent down, so that leaves one extra forward and one extra d-man on the ice for today's 11 a.m. practice.",
            "time": "Wed Apr 15 15:06:17 +0000 2009"
        },
        {
            "id": "1517198458",
            "text": "Andrew Ference is the only missing piece as the entire Bruins squad has taken the ice for practice in Wilmington.",
            "time": "Tue Apr 14 15:04:42 +0000 2009"
        },
        {
            "id": "1510592818",
            "text": "The B's had today off from practice and Mikko Lehtonen has been sent back to Providence. Chiarelli: No news on #'s 21 or 37.",
            "time": "Mon Apr 13 17:58:49 +0000 2009"
        },
        {
            "id": "1505815253",
            "text": "The Bruins beat the Islanders 6-2. The Montreal Canadiens and the playoffs are next...",
            "time": "Sun Apr 12 23:43:06 +0000 2009"
        },
        {
            "id": "1504831314",
            "text": "Axelsson, Bergeron and Chara will not play...",
            "time": "Sun Apr 12 20:29:21 +0000 2009"
        },
        {
            "id": "1504092598",
            "text": "Tim Thomas will be in goal for Boston vs. the Islanders. Recchi, Yelle and Hnidy are the alternate captains.",
            "time": "Sun Apr 12 18:01:47 +0000 2009"
        },
        {
            "id": "1503176377",
            "text": "No morning skate for the Bruins down on Long Island. However, Zdeno Chara and P.J. Axelsson are skating. B's vs. Islanders at 5 p.m.",
            "time": "Sun Apr 12 14:51:08 +0000 2009"
        },
        {
            "id": "1500683019",
            "text": "Congrats to Boston U. for their 5th NCAA Ice Hockey Title!",
            "time": "Sun Apr 12 02:24:55 +0000 2009"
        },
        {
            "id": "1500534889",
            "text": "It's Montreal vs. Boston in Round One. Look for the schedule on BostonBruins.com as soon as it is released!",
            "time": "Sun Apr 12 01:55:03 +0000 2009"
        },
        {
            "id": "1499541018",
            "text": "B's fall to the Sabres, 6-1. Boston faces the New York Islanders on Sunday at 5 p.m.",
            "time": "Sat Apr 11 22:32:10 +0000 2009"
        },
        {
            "id": "1498647360",
            "text": "Bergeron is out, as well. Ward, Kobasew and Savard will all wear \"A's\" today. No \"C\" for Boston.",
            "time": "Sat Apr 11 19:36:33 +0000 2009"
        },
        {
            "id": "1498552536",
            "text": "Manny Fernandez will start in goal. Mikko Lehtonen and Vladimir Sobotka will be in the lineup. #'s 81, 33 and 11 are out. #6 is in.",
            "time": "Sat Apr 11 19:18:13 +0000 2009"
        },
        {
            "id": "1497243236",
            "text": "No morning skate for most of the B's in Buffalo. #'s 11 and 33 did take an on-ice warmup. Remember game time is 4 pm!",
            "time": "Sat Apr 11 14:58:32 +0000 2009"
        },
        {
            "id": "1493856720",
            "text": "Hobey Baker returns to the Hub. Congrats to BU's Matt Gilroy!",
            "time": "Fri Apr 10 23:33:24 +0000 2009"
        },
        {
            "id": "1492088778",
            "text": "Hey man, do you have a playoff beard? It'd be a lot cooler if you did...\nhttp://beardathon.com/bruins/team.aspx",
            "time": "Fri Apr 10 18:22:04 +0000 2009"
        },
        {
            "id": "1491578838",
            "text": "The B's have recalled forward Mikko Lehtonen from the Providence Bruins on an emergency basis.",
            "time": "Fri Apr 10 17:04:13 +0000 2009"
        },
        {
            "id": "1491057081",
            "text": "An optional practice: #'s 11, 17, 30, 35, 60, 6, 26, 61 & 12 are on the ice. Good to see Axelsson and Wideman.",
            "time": "Fri Apr 10 15:44:44 +0000 2009"
        },
        {
            "id": "1487963875",
            "text": "Boston wins, 5-4, in OT. Mark Recchi scored at 2:42 of the extra session to give the B's the win.",
            "time": "Fri Apr 10 02:43:54 +0000 2009"
        },
        {
            "id": "1486650302",
            "text": "Tim Thomas is in goal for Boston. Carey Price for Montreal. It looks like Kobasew is playing and Sobotka will sit.",
            "time": "Thu Apr 09 22:46:06 +0000 2009"
        },
        {
            "id": "1484149815",
            "text": "Vladimir Sobotka's been recalled for B's (emergency). Mathieu Schneider is on the ice for MTL.",
            "time": "Thu Apr 09 15:37:40 +0000 2009"
        },
        {
            "id": "1483785815",
            "text": "The Bruins are not taking morning skate and there will be no media availability. The Habs are due to take the ice at 11:30 a.m.",
            "time": "Thu Apr 09 14:35:30 +0000 2009"
        },
        {
            "id": "1478439826",
            "text": "Fyi: Awesome turn out! Cuts for a Cause is sold out...",
            "time": "Wed Apr 08 19:02:48 +0000 2009"
        },
        {
            "id": "1478189489",
            "text": "People are already lining up at the Harp for Cuts for a Cause!",
            "time": "Wed Apr 08 18:21:38 +0000 2009"
        },
        {
            "id": "1477260232",
            "text": "Back to practice. #'s 6, 11, 12 and 21 are not on the ice. After the on ice session the B's will be at Cuts for a Cause from 3-5.",
            "time": "Wed Apr 08 15:42:11 +0000 2009"
        },
        {
            "id": "1473775364",
            "text": "B's fall to Ottawa, 3-2. Kessel and Chara scored. Fernandez made 29 saves. Boston plays Montreal on Thursday in Boston.",
            "time": "Wed Apr 08 02:04:41 +0000 2009"
        },
        {
            "id": "1472533074",
            "text": "Coach Claude Julien just updated the media on Andrew Ference: http://tinyurl.com/cqo443",
            "time": "Tue Apr 07 22:27:35 +0000 2009"
        },
        {
            "id": "1471051884",
            "text": "Vote Wheeler for Goal of the Year! His gem versus St. Louis is unforgettable: http://www.nhl.com/ice/news.htm?id=416929",
            "time": "Tue Apr 07 18:12:35 +0000 2009"
        },
        {
            "id": "1469810741",
            "text": "All 20 players on the flight to Ottawa will play vs. the Sens. The B\u2019s are taking a full morning skate. Ottawa did not.",
            "time": "Tue Apr 07 14:29:18 +0000 2009"
        },
        {
            "id": "1463978619",
            "text": "#'s 11, 6, and 21 will not travel to Ottawa. It will be game day decisions on #'s 22 and 81. Manny Fernandez will start.",
            "time": "Mon Apr 06 17:06:29 +0000 2009"
        },
        {
            "id": "1463101951",
            "text": "Shawn Thornton and Phil Kessel are both on the ice for today's 10:30 a.m. practice in Wilmington.",
            "time": "Mon Apr 06 14:31:50 +0000 2009"
        },
        {
            "id": "1453504852",
            "text": "Bruins beat Rangers, 1-0. The B's are the Eastern Conference regular season champs.",
            "time": "Sat Apr 04 21:14:20 +0000 2009"
        },
        {
            "id": "1452171334",
            "text": "Tim Thomas is in goal for Boston. Henrik Lundqvist for New York.",
            "time": "Sat Apr 04 16:31:18 +0000 2009"
        },
        {
            "id": "1452028075",
            "text": "Aaron Ward will miss today's game. More on BostonBruins.com",
            "time": "Sat Apr 04 16:01:07 +0000 2009"
        },
        {
            "id": "1451657731",
            "text": "Thomas on why he re-signed: \"The answer always kept coming back Boston.\"",
            "time": "Sat Apr 04 14:38:09 +0000 2009"
        },
        {
            "id": "1451209022",
            "text": "Are you ready for a big day? There is a new article on Tim Thomas and a Rangers game preview up at BostonBruins.com",
            "time": "Sat Apr 04 12:28:36 +0000 2009"
        },
        {
            "id": "1449120589",
            "text": "Ready for New York vs. Boston? Coach Julien weighed in on Saturday's matchup: http://bruins.nhl.tv/team/console.jsp?catid=660&id=38668",
            "time": "Sat Apr 04 01:23:16 +0000 2009"
        },
        {
            "id": "1447603235",
            "text": "Peter Chiarelli announced today that the club has signed goaltender Tim Thomas to a multi-year contract extension. Get the full story on ...",
            "time": "Fri Apr 03 20:34:13 +0000 2009"
        },
        {
            "id": "1445945977",
            "text": "It's a pretty full practice (including Phil Kessel). Look for a full update later in Bish's Blog...",
            "time": "Fri Apr 03 15:35:44 +0000 2009"
        },
        {
            "id": "1445248995",
            "text": "TGIF: Practice is today in Wilmington's Ristuccia Arena at 11:30 a.m...",
            "time": "Fri Apr 03 13:37:20 +0000 2009"
        },
        {
            "id": "1442429658",
            "text": "B's win their 50th, 2-1, over Ottawa. Look for a full postgame package on BostonBruins.com...",
            "time": "Fri Apr 03 01:32:25 +0000 2009"
        },
        {
            "id": "1441646228",
            "text": "David Krejci is the Seventh Player Award winner. Read more at BostonBruins.com...",
            "time": "Thu Apr 02 23:07:20 +0000 2009"
        },
        {
            "id": "1441621721",
            "text": "Montador is the healthy scratch. Thornton and Kessel remain out with undisclosed injuries.",
            "time": "Thu Apr 02 23:02:50 +0000 2009"
        },
        {
            "id": "1441437917",
            "text": "Timmay! It's Alex Auld vs. Tim Thomas. Look for tonight's in game blog on BostonBruins.com...",
            "time": "Thu Apr 02 22:29:57 +0000 2009"
        },
        {
            "id": "1440832843",
            "text": "Did you know: NESN's Seventh Player Award will be awarded tonight. Who will it be?",
            "time": "Thu Apr 02 20:47:07 +0000 2009"
        },
        {
            "id": "1439608439",
            "text": "BTW: Even though Fernandez played this morning, there was no word/clue on tonight's goalie...",
            "time": "Thu Apr 02 17:20:10 +0000 2009"
        },
        {
            "id": "1439133294",
            "text": "After the B's option al skate, Coach Julien reports: Thornton out. Kessel out. Look for a full B's update in Bish's Blog in a few minutes.",
            "time": "Thu Apr 02 16:00:15 +0000 2009"
        },
        {
            "id": "1438646349",
            "text": "It looks like an optional. No's 35, 17, 23, 21, 26, 48, 44, 45, 34, and 61 are skating, as is 81.",
            "time": "Thu Apr 02 14:39:37 +0000 2009"
        },
        {
            "id": "1438379092",
            "text": "Bruins GM Peter Chiarelli has announced the club has signed forward Yannick Riendeau to an entry-level contract. This kid is something else!",
            "time": "Thu Apr 02 13:53:50 +0000 2009"
        },
        {
            "id": "1438100228",
            "text": "A limited number of tickets for the club\u2019s first two home playoff games will go on sale at 11 AM. Visit BostonBruins.com for more info...",
            "time": "Thu Apr 02 13:00:11 +0000 2009"
        },
        {
            "id": "1437694405",
            "text": "It's less than 12 hours before game time. But BostonBruins.com will have plenty of updates throughout the day: http://bruins.nhl.com/",
            "time": "Thu Apr 02 11:16:36 +0000 2009"
        },
        {
            "id": "1434080647",
            "text": "Matt Hunwick's chat was very entertaining. As was Thornton's Vlog -- hosted by Byron Bitz. Check out both, here: http://bruins.nhl.com/",
            "time": "Wed Apr 01 21:06:30 +0000 2009"
        },
        {
            "id": "1433317988",
            "text": "Okay everybody. Matt Hunwick is chatting right now. Go here: http://bruins.nhl.com/chats/chats.htm",
            "time": "Wed Apr 01 19:03:43 +0000 2009"
        },
        {
            "id": "1431934520",
            "text": "Dennis Wideman, Ference and Bitz are the first players on the the ice at Ristuccia. Full practice update later on BostonBruins.com...",
            "time": "Wed Apr 01 15:23:55 +0000 2009"
        },
        {
            "id": "1430988457",
            "text": "BTW: Practice is at Ristuccia Arena in Wilmington at 11:30 a.m. Matt Hunwick will be chatting online at 3:00 p.m. on BostonBruins.com.",
            "time": "Wed Apr 01 12:30:16 +0000 2009"
        },
        {
            "id": "1430971950",
            "text": "Winning streaks make traffic seem tolerable...",
            "time": "Wed Apr 01 12:26:26 +0000 2009"
        },
        {
            "id": "1428492343",
            "text": "B's win 3-1.",
            "time": "Wed Apr 01 01:40:56 +0000 2009"
        },
        {
            "id": "1428180817",
            "text": "It's 3-0. Goals for Kobasew and Chara. TKO for Milan Lucic. Boston is in control...",
            "time": "Wed Apr 01 00:45:50 +0000 2009"
        },
        {
            "id": "1427897675",
            "text": "It's 1-0, Boston after 20-minutes. Blake Wheeler scored the B's lone goal...",
            "time": "Tue Mar 31 23:53:49 +0000 2009"
        },
        {
            "id": "1427664719",
            "text": "You can find tonight's in-game blog here: http://tinyurl.com/cbt78r",
            "time": "Tue Mar 31 23:11:01 +0000 2009"
        },
        {
            "id": "1427653288",
            "text": "Okay True Believers -- switch over to Bish's Blog for tonight's in-game happenings...",
            "time": "Tue Mar 31 23:09:06 +0000 2009"
        },
        {
            "id": "1427589722",
            "text": "This is the first game that Thornton has missed all season.",
            "time": "Tue Mar 31 22:57:57 +0000 2009"
        },
        {
            "id": "1427524450",
            "text": "Bruins scratches: Hnidy, Kessel and Thornton. Thornton and Kessel are both out with \"undisclosed injuries.\"",
            "time": "Tue Mar 31 22:46:18 +0000 2009"
        },
        {
            "id": "1427435094",
            "text": "Manny Fernandez is in goal for Boston. Mike McKenna is in goal for Tampa Bay. Manny is 15-6-3 with a 2.50 GAA.",
            "time": "Tue Mar 31 22:30:26 +0000 2009"
        },
        {
            "id": "1427406207",
            "text": "Doug Flutie is in the Garden tonight to promote Autism awareness and raise money for the Doug Flutie Jr. Foundation for Autism. Go Doug!",
            "time": "Tue Mar 31 22:25:22 +0000 2009"
        },
        {
            "id": "1426395707",
            "text": "Check out Coach Julien's pregame presser here: http://tinyurl.com/dbozxs",
            "time": "Tue Mar 31 19:31:11 +0000 2009"
        },
        {
            "id": "1425419480",
            "text": "Matt Lashoff met with some friends from the B's last night. A reporter jokingly asked if he would drop 'em with Lucic tonight. Laughter.",
            "time": "Tue Mar 31 16:44:41 +0000 2009"
        },
        {
            "id": "1425394406",
            "text": "It seems reasonable to expect Lashoff, Karsums, Bochenski and local product Noah Welch in the Lightning lineup tonight. McKenna in goal.",
            "time": "Tue Mar 31 16:40:38 +0000 2009"
        },
        {
            "id": "1425184575",
            "text": "Julien on Kessel: \"We anticipate that he should be playing again early next week.\"",
            "time": "Tue Mar 31 16:06:25 +0000 2009"
        },
        {
            "id": "1424793919",
            "text": "Manny Fernandez is the first goalie off...",
            "time": "Tue Mar 31 15:04:05 +0000 2009"
        },
        {
            "id": "1424662090",
            "text": "Montador has switched to forward.",
            "time": "Tue Mar 31 14:42:37 +0000 2009"
        },
        {
            "id": "1424649163",
            "text": "There are eight D-men and 12 forwards. Montador and Hunwick are dressed as D.",
            "time": "Tue Mar 31 14:40:28 +0000 2009"
        },
        {
            "id": "1424637367",
            "text": "Phil Kessel is the only Bruins forward missing from morning skate...",
            "time": "Tue Mar 31 14:38:32 +0000 2009"
        },
        {
            "id": "1424136986",
            "text": "After a day off for the B's, I'm hoping for a full morning skate at 10:30 a.m. Might be fun to ask Tim Thomas about UVM in the Frozen Four.",
            "time": "Tue Mar 31 13:06:04 +0000 2009"
        },
        {
            "id": "1418574484",
            "text": "No pratice today! Look for full game day coverage on Tuesday!",
            "time": "Mon Mar 30 16:11:02 +0000 2009"
        },
        {
            "id": "1412454496",
            "text": "No morning skate for Boston.",
            "time": "Sun Mar 29 15:25:56 +0000 2009"
        },
        {
            "id": "1409285505",
            "text": "Manny Fernandez in goal vs. the Leafs...",
            "time": "Sat Mar 28 22:51:43 +0000 2009"
        },
        {
            "id": "1407699944",
            "text": "Tim Thomas was the first goalie off the ice...",
            "time": "Sat Mar 28 17:02:28 +0000 2009"
        },
        {
            "id": "1407366558",
            "text": "It's an optional morning skate in Toronto, but most of the B's are on the ice...",
            "time": "Sat Mar 28 15:50:04 +0000 2009"
        },
        {
            "id": "1401869807",
            "text": "Phil Kessel will miss this weekend's games with an undisclosed injury.",
            "time": "Fri Mar 27 16:29:45 +0000 2009"
        },
        {
            "id": "1401368053",
            "text": "Phil Kessel is the only player missing from practice...",
            "time": "Fri Mar 27 15:05:07 +0000 2009"
        },
        {
            "id": "1400813430",
            "text": "I just put up the interview I alluded to during last night's Sportsdesk. Also, click on the video link in story 1 for a look back at Game 6",
            "time": "Fri Mar 27 13:25:10 +0000 2009"
        },
        {
            "id": "1398262912",
            "text": "Look for me on NESN's Sportdesk beginning at 10 pm. Chuck Kobasew hits NECN between 11 and 12.",
            "time": "Fri Mar 27 01:31:23 +0000 2009"
        },
        {
            "id": "1395865365",
            "text": "Shawn Thornton's (semi) daily vlog is up: http://tinyurl.com/cej9ma",
            "time": "Thu Mar 26 18:06:20 +0000 2009"
        },
        {
            "id": "1394853497",
            "text": "Practice is winding down. Not much news, but look for Thornton's Vlog later today...",
            "time": "Thu Mar 26 15:13:43 +0000 2009"
        },
        {
            "id": "1394568700",
            "text": "Optional practice: #'s 35, 30, 6, 12, 46 and 61 are on the ice. Coach Houda and Essensa are presiding.",
            "time": "Thu Mar 26 14:24:58 +0000 2009"
        },
        {
            "id": "1363861375",
            "text": "Albany takes it 1-0 in a SO",
            "time": "Sat Mar 21 01:30:16 +0000 2009"
        },
        {
            "id": "1363827764",
            "text": "...In a shootout.",
            "time": "Sat Mar 21 01:22:09 +0000 2009"
        },
        {
            "id": "1363792444",
            "text": "0-0 and in OT",
            "time": "Sat Mar 21 01:13:46 +0000 2009"
        },
        {
            "id": "1363636131",
            "text": "Alb 0, Pro 0. After 2",
            "time": "Sat Mar 21 00:36:41 +0000 2009"
        },
        {
            "id": "1363404467",
            "text": "We've taken the blog to Providence tonight. P-B's and Albany tied 0-0 after 1",
            "time": "Fri Mar 20 23:42:16 +0000 2009"
        },
        {
            "id": "1357071316",
            "text": "Tim Thomas is in goal...",
            "time": "Thu Mar 19 22:32:17 +0000 2009"
        },
        {
            "id": "1354976158",
            "text": "Tim Thomas was the first goalie off the ice this morning. Stephane Yelle is expected to play...",
            "time": "Thu Mar 19 15:46:39 +0000 2009"
        },
        {
            "id": "1348678507",
            "text": "The B's are back in Ristuccia and Phil Kessel, missing yesterday, is back on the ice. All of the Bruins are, actually...",
            "time": "Wed Mar 18 15:07:24 +0000 2009"
        },
        {
            "id": "1343905823",
            "text": "And look for Coach Julien's presser from today here: http://tinyurl.com/d8t6hy",
            "time": "Tue Mar 17 19:03:51 +0000 2009"
        },
        {
            "id": "1343902087",
            "text": "Shawn Thornton is back on the Vlog: http://tinyurl.com/d4kpln",
            "time": "Tue Mar 17 19:03:11 +0000 2009"
        },
        {
            "id": "1342650190",
            "text": "The Bruins are practicing at Ristuccia after a day off. Phil Kessel is the only missing face.",
            "time": "Tue Mar 17 15:29:14 +0000 2009"
        },
        {
            "id": "1318682507",
            "text": "Tim Thomas is in goal for Boston tonight.",
            "time": "Thu Mar 12 22:32:08 +0000 2009"
        },
        {
            "id": "1316348528",
            "text": "Both Krejci and Kessel will play against the Sens.",
            "time": "Thu Mar 12 14:58:15 +0000 2009"
        },
        {
            "id": "1316240063",
            "text": "Phil Kessel and David Krejci are skating this morning. Both men missed practice on Wed.",
            "time": "Thu Mar 12 14:35:42 +0000 2009"
        },
        {
            "id": "1316136226",
            "text": "Rosters and Game Notes for tonight's game vs. Ottawa. Check out story #1 on BostonBruins.com",
            "time": "Thu Mar 12 14:14:16 +0000 2009"
        },
        {
            "id": "1315831652",
            "text": "The first update of the day is posted in the Bear Essentials: http://tinyurl.com/dd7msv",
            "time": "Thu Mar 12 13:00:45 +0000 2009"
        },
        {
            "id": "1315749267",
            "text": "The Bruins are arriving at the Garden for morning skate. Look for updates on the team very soon.",
            "time": "Thu Mar 12 12:37:31 +0000 2009"
        },
        {
            "id": "1312110198",
            "text": "Byron Bitz is chatting on BostonBruins.com right now...",
            "time": "Wed Mar 11 19:09:57 +0000 2009"
        },
        {
            "id": "1307281007",
            "text": "The B's bus is here at Nationwide Arena...",
            "time": "Tue Mar 10 20:56:08 +0000 2009"
        },
        {
            "id": "1306176075",
            "text": "Byron Bitz will be our guest on BostonBruins.com's Rinkside Chats  by Covidien tomorrow at 3pm!",
            "time": "Tue Mar 10 16:52:23 +0000 2009"
        },
        {
            "id": "1305944271",
            "text": "Tim Thomas was the first goalie off the ice. Look for him in net tonight.",
            "time": "Tue Mar 10 16:01:40 +0000 2009"
        },
        {
            "id": "1305792664",
            "text": "The Bruins are just getting on the ice here in Columbus. We may have news on the starter in goal, soon.",
            "time": "Tue Mar 10 15:25:34 +0000 2009"
        }
    ]
}