{
    "user_id": "15469836",
    "gender": "male",
    "age": 38,
    "age_range": "35-44",
    "year_of_birth": 1980,
    "english": "can",
    "handle": "cmoffat",
    "tweets": [
        {
            "id": "382705767612035073",
            "text": "\u201c@CharlesZenon: Agents of S.H.I.E.L.D = mind blown.\u201d Agreed",
            "time": "Wed Sep 25 03:18:59 +0000 2013"
        },
        {
            "id": "277808307006210049",
            "text": "@samueledney Great job Sam!",
            "time": "Sun Dec 09 16:13:56 +0000 2012"
        },
        {
            "id": "277145842471825408",
            "text": "@fiascogelato where can I pick up some of your drinking chocolate?",
            "time": "Fri Dec 07 20:21:32 +0000 2012"
        },
        {
            "id": "270023854901059584",
            "text": "First off I'm an #oregon ducks fan... But that was embarrassing.",
            "time": "Sun Nov 18 04:41:18 +0000 2012"
        },
        {
            "id": "252583150650290176",
            "text": "Sad to hear that fellow Olympian Robin Clegg was hit (possibly intentionally) by a car while on a training ride in Calgary! #sharetheroad",
            "time": "Mon Oct 01 01:38:10 +0000 2012"
        },
        {
            "id": "245744054216839169",
            "text": "@JellyModern better coffee!",
            "time": "Wed Sep 12 04:42:02 +0000 2012"
        },
        {
            "id": "244152887352119296",
            "text": "I'm at Best Buy (Calgary, AB) http://t.co/l6zpmqGi",
            "time": "Fri Sep 07 19:19:19 +0000 2012"
        },
        {
            "id": "232585992715001856",
            "text": "We can only hope this ref doesn't ref the bronze medal game.",
            "time": "Mon Aug 06 21:16:36 +0000 2012"
        },
        {
            "id": "232583871135375360",
            "text": "Scott is a freakn warrior! If she can walk away from that she is my new hero!",
            "time": "Mon Aug 06 21:08:10 +0000 2012"
        },
        {
            "id": "232572553607135232",
            "text": "How much does it cost to buy a soccer ref off?",
            "time": "Mon Aug 06 20:23:12 +0000 2012"
        },
        {
            "id": "229941302903574528",
            "text": "What is that rancid smell on center street and 7th ave this morning?#yyc smells like rancid meat!",
            "time": "Mon Jul 30 14:07:33 +0000 2012"
        },
        {
            "id": "195558297997295617",
            "text": "@JoJosBBQ what time are you going to  open up? Can't wait for the BBQ frenzy!",
            "time": "Thu Apr 26 17:01:46 +0000 2012"
        },
        {
            "id": "176709937538404352",
            "text": "@fiascogelato where can I by pints of your gelato in Calgary?",
            "time": "Mon Mar 05 16:45:06 +0000 2012"
        },
        {
            "id": "160793473925120001",
            "text": "#YYC Can anyone recommend a good place to get 3M paint protection on my car in Calgary?",
            "time": "Sat Jan 21 18:38:46 +0000 2012"
        },
        {
            "id": "148232240416047104",
            "text": "Drinking coffee from @ChefMarioMobile  and Giovani at the luge world cup! Coffee education at a luge race, who knew!",
            "time": "Sun Dec 18 02:44:54 +0000 2011"
        },
        {
            "id": "148178283534626816",
            "text": "@ cop watching the luge race and sampling some @JoJosBBQ ! Great food!",
            "time": "Sat Dec 17 23:10:30 +0000 2011"
        },
        {
            "id": "146948167496237056",
            "text": "@calgarytransit here's a riddle: 6 trains pass dalhousie statn to crowfoot. 25 minutes later 1 train comes back. Where did they go? #yyc",
            "time": "Wed Dec 14 13:42:27 +0000 2011"
        },
        {
            "id": "141753907918553088",
            "text": "@JessiCanuck noooo not the Nutella! Are you crazy? No one throws away nutella!",
            "time": "Wed Nov 30 05:42:19 +0000 2011"
        },
        {
            "id": "141566248470319104",
            "text": "A 15 year old girl who is terminal w/ cancer has made a bucket list. 1 of her wishes is to trend on Twitter. Give a RT #alicebucketlist\u201d",
            "time": "Tue Nov 29 17:16:38 +0000 2011"
        },
        {
            "id": "139549396487520256",
            "text": "@fiascogelato is there a store that sells your gelato by the pint?",
            "time": "Thu Nov 24 03:42:23 +0000 2011"
        },
        {
            "id": "139495043403755522",
            "text": "You know your screwed when @calgarytransit sends 2 city center LRT's in a row! #likeasardine! #yyc",
            "time": "Thu Nov 24 00:06:24 +0000 2011"
        },
        {
            "id": "137321633336672258",
            "text": "@fiascogelato are you guys out tonight? I need to try some of this eggnog gelato I've been hearing about!",
            "time": "Fri Nov 18 00:10:03 +0000 2011"
        },
        {
            "id": "134723635255590912",
            "text": "@robinmckeever @thoreapressobar you got my hopes up! I was hoping it was an \"real\" coffee bar in Canmore!",
            "time": "Thu Nov 10 20:06:32 +0000 2011"
        },
        {
            "id": "134714589047820288",
            "text": "@robinmckeever where is this Thor coffee bar that you speak of?",
            "time": "Thu Nov 10 19:30:35 +0000 2011"
        },
        {
            "id": "129637548984242176",
            "text": "@nenshi Why are you increasing the reserved spots at LRT stations? Have you decided you can make more money on parking than pubic transit?",
            "time": "Thu Oct 27 19:16:14 +0000 2011"
        },
        {
            "id": "129566664588132353",
            "text": "@WURSTCalgary do you serve your wings at lunch? I didn't see it on the menu.",
            "time": "Thu Oct 27 14:34:34 +0000 2011"
        },
        {
            "id": "121201900526899200",
            "text": "There appears to be a homeless person passed out on the LRT in front of me. Apparently transit police don't work this early! @calgarytransit",
            "time": "Tue Oct 04 12:35:59 +0000 2011"
        },
        {
            "id": "119032249617350656",
            "text": "As much as I like sharing in your music.  The fact is can hear it over 1/2 a train car away, might mean it time for new headphones!",
            "time": "Wed Sep 28 12:54:34 +0000 2011"
        },
        {
            "id": "115916411490152448",
            "text": "Suck it c-train gods!  #1- I got a seat!  #2- It's in one of the new trains.",
            "time": "Mon Sep 19 22:33:20 +0000 2011"
        },
        {
            "id": "115763795242123265",
            "text": "RT @Sports_Greats When you think about it, what other choice is there but to hope? -Lance Armstrong",
            "time": "Mon Sep 19 12:26:54 +0000 2011"
        },
        {
            "id": "114184461184278528",
            "text": "If you see me hobbling around downtown,  i do not have gout!  Does anyone have any ideas on breaking in expensive leather dress shoes?",
            "time": "Thu Sep 15 03:51:11 +0000 2011"
        },
        {
            "id": "114101478653829120",
            "text": "For those playing along at home,  it's LRT:3 Chris:0",
            "time": "Wed Sep 14 22:21:27 +0000 2011"
        },
        {
            "id": "113243521540030464",
            "text": "OK,  it's a bit chilly out there this morning but seriously,  do we need to crank up the heat everywhere?  #worksauna",
            "time": "Mon Sep 12 13:32:14 +0000 2011"
        },
        {
            "id": "108592334081495040",
            "text": "Last day @forzani kind of sad.. I had a great time here,  learned alot and made great friends. Onward to Suncor,  a new chapter in my life!",
            "time": "Tue Aug 30 17:30:04 +0000 2011"
        },
        {
            "id": "103667245187743745",
            "text": "\"@CTVCalgary: Fireworks thrown from vehicle injure cyclist http://t.co/xHNTgrJ\" any other cyclists have problems with hway 1A? #Brutal",
            "time": "Wed Aug 17 03:19:31 +0000 2011"
        },
        {
            "id": "99631275475869696",
            "text": "@Goldsack. I challenge that!  There is no way @UPS is worse than canada post and their \"attempted\" deliveries!",
            "time": "Sat Aug 06 00:02:01 +0000 2011"
        },
        {
            "id": "98590144399015936",
            "text": "Sketchy as fack! (@ Border Crossing) http://4sq.com/oZ6Rzg",
            "time": "Wed Aug 03 03:04:56 +0000 2011"
        },
        {
            "id": "98550540732084224",
            "text": "First baseball game of the year... Big question... Will I remember how to hit?",
            "time": "Wed Aug 03 00:27:34 +0000 2011"
        },
        {
            "id": "98252774332051456",
            "text": "@SpecializedAB hey Barry, do you know where to find a Specialized \"SBC\" jersey? I've been racking my brain to figure out where to find one!",
            "time": "Tue Aug 02 04:44:21 +0000 2011"
        },
        {
            "id": "97776032844754945",
            "text": "Little known fact: a cycling jersey can hold 6 bottles of beer, but only 4 comfortably! #calorieneutral http://t.co/R50wHz4",
            "time": "Sun Jul 31 21:09:57 +0000 2011"
        },
        {
            "id": "96758160857116673",
            "text": "@Wurst_RT thanks for the retweet!  You guys give me my little barbarian fix when I need it!",
            "time": "Fri Jul 29 01:45:17 +0000 2011"
        },
        {
            "id": "96737943196151808",
            "text": "I'm at WURST (2437 4 Street SW, Calgary) http://4sq.com/qFe1oC",
            "time": "Fri Jul 29 00:24:57 +0000 2011"
        },
        {
            "id": "96294892409602048",
            "text": "I'm at Toad 'n' Turtle Pubhouse (2475 27 Ave NE, Calgary) http://4sq.com/qR0V4V",
            "time": "Wed Jul 27 19:04:26 +0000 2011"
        },
        {
            "id": "95970189757267969",
            "text": "At the crimestoppers golf tournament.  Called it after 13 holes and we were 10 under!  Great game, great tournament!",
            "time": "Tue Jul 26 21:34:10 +0000 2011"
        },
        {
            "id": "94432416290185216",
            "text": "Dear #assclown spectators on the alp-d'Huez,  let them race!  #tdf",
            "time": "Fri Jul 22 15:43:37 +0000 2011"
        },
        {
            "id": "94425331980697600",
            "text": "Alpe-d'Huez!  Ryder leading for now! Great morning so far!",
            "time": "Fri Jul 22 15:15:28 +0000 2011"
        },
        {
            "id": "93758689248411648",
            "text": "I'm at Eagle Quest Golf Dome (Calgary) http://4sq.com/oYJRtL",
            "time": "Wed Jul 20 19:06:28 +0000 2011"
        },
        {
            "id": "93449796966285312",
            "text": "#letour Wow, always wondered how they did this : Man of Many Colors http://t.co/zlXTE7B via @BicyclingMag",
            "time": "Tue Jul 19 22:39:02 +0000 2011"
        },
        {
            "id": "93434952288452608",
            "text": "REALLY..The first day I get off my lazy ass and ride my bike to work. If I am riding on a carbon fiber bike I wont get electrocuted,right?",
            "time": "Tue Jul 19 21:40:03 +0000 2011"
        },
        {
            "id": "93142511870156800",
            "text": "RT @Sports_Greats I'm tired of hearing about money, money, money, I just want to play the game, drink Pepsi, wear Reebok. -Shaquille O'Neal",
            "time": "Tue Jul 19 02:18:00 +0000 2011"
        },
        {
            "id": "92785414154354688",
            "text": "I was just informed there was a sleeve monster loose at stampede. Eating the sleeves of all the DB's!",
            "time": "Mon Jul 18 02:39:01 +0000 2011"
        },
        {
            "id": "92747788902862848",
            "text": "Seriously considering taking up residence @wurst in Calgary! Better schnitzel than wolfgang puck!",
            "time": "Mon Jul 18 00:09:30 +0000 2011"
        },
        {
            "id": "92734938654310402",
            "text": "I'm at WURST (2437 4 Street SW, Calgary) http://4sq.com/mZPywJ",
            "time": "Sun Jul 17 23:18:26 +0000 2011"
        },
        {
            "id": "92610603574759424",
            "text": "I'm at Red's Diner (1415 4 St SW, Calgary) http://4sq.com/pR9rdC",
            "time": "Sun Jul 17 15:04:23 +0000 2011"
        },
        {
            "id": "92007186171039744",
            "text": "I'm at JOEY (50 Crowfoot Way NW, Calgary) http://4sq.com/q8YiRT",
            "time": "Fri Jul 15 23:06:37 +0000 2011"
        },
        {
            "id": "91631559270076417",
            "text": "I'm at Sciroco Golf Course http://4sq.com/oyFDQV",
            "time": "Thu Jul 14 22:14:00 +0000 2011"
        },
        {
            "id": "91236717750788096",
            "text": "Sorry to anyone who received texts from me. My new phone is trying to resent all of my old texts!",
            "time": "Wed Jul 13 20:05:03 +0000 2011"
        },
        {
            "id": "91225782596284416",
            "text": "robinmckeever: @cmoffat when the snow melts off or when they plow it for cars if necessary before June 15",
            "time": "Wed Jul 13 19:21:36 +0000 2011"
        },
        {
            "id": "91223534914912256",
            "text": "CharlesZenon: @cmoffat lobster fest eh?",
            "time": "Wed Jul 13 19:12:40 +0000 2011"
        },
        {
            "id": "91223435090464768",
            "text": "hansen3519: @cmoffat hey no worries! Glad you had a good trip",
            "time": "Wed Jul 13 19:12:16 +0000 2011"
        },
        {
            "id": "91223252936040449",
            "text": "nickwoodhouse: @cmoffat @andya55 @Costas76 you know the way athletes roll, deceive, deceive , deceive  \"never let them see you sweat\"",
            "time": "Wed Jul 13 19:11:33 +0000 2011"
        },
        {
            "id": "91221923245199360",
            "text": "hansen3519: @cmoffat Brilliant! Harold should just stop embarrassing himself",
            "time": "Wed Jul 13 19:06:15 +0000 2011"
        },
        {
            "id": "91217579393298432",
            "text": "airblais: @cmoffat good advice!",
            "time": "Wed Jul 13 18:49:00 +0000 2011"
        },
        {
            "id": "91214620580257792",
            "text": "Direct from hansen3519:\nColumbia men's bugaboo omni heat ski sock...blk/lt grey/ compass blue....thank you!\n\nReply with 'm hansen3519 hi.'",
            "time": "Wed Jul 13 18:37:14 +0000 2011"
        },
        {
            "id": "91214095948316673",
            "text": "hansen3519: @cmoffat send an email to Jim Hamlen when you get into the office...Cam too",
            "time": "Wed Jul 13 18:35:09 +0000 2011"
        },
        {
            "id": "91213978977574912",
            "text": "hansen3519: @cmoffat at least you have a nice night!",
            "time": "Wed Jul 13 18:34:41 +0000 2011"
        },
        {
            "id": "91213286355382272",
            "text": "erinhamlin: @cmoffat yeah. Clarified!",
            "time": "Wed Jul 13 18:31:56 +0000 2011"
        },
        {
            "id": "91212930070216704",
            "text": "Direct from hansen3519:\nWant a slurpee?\n\nReply with 'm hansen3519 hi.'",
            "time": "Wed Jul 13 18:30:31 +0000 2011"
        },
        {
            "id": "90582714222260224",
            "text": "@SpecializedAB Tech gloves! Freak'n awesome",
            "time": "Tue Jul 12 00:46:16 +0000 2011"
        },
        {
            "id": "90581246270377984",
            "text": "Finally received my new front derailleur!  I finally have more that just a 10 speed Tarmac!  Feels like xmas!",
            "time": "Tue Jul 12 00:40:26 +0000 2011"
        },
        {
            "id": "89819691488509952",
            "text": "Playing flip cup with random group from Ontario...only at stampede! (@ Nashville North w/ 6 others) http://4sq.com/pNo6A7",
            "time": "Sat Jul 09 22:14:17 +0000 2011"
        },
        {
            "id": "89159875124408320",
            "text": "Best prime rib ever! (@ NOtaBLE) http://4sq.com/pjMP6D",
            "time": "Fri Jul 08 02:32:25 +0000 2011"
        },
        {
            "id": "88838907323625472",
            "text": "@nickwoodhouse I really enjoyed Bavaria, more specifically Berchesgarten(we spent alot of time there with luge). Its 45min south of Salzburg",
            "time": "Thu Jul 07 05:17:00 +0000 2011"
        },
        {
            "id": "88837002564354048",
            "text": "@nickwoodhouse are you going to be spending time in Bavaria this trip?",
            "time": "Thu Jul 07 05:09:26 +0000 2011"
        },
        {
            "id": "88835958761455616",
            "text": "@kdmacken I found it! Fromsport.com has live streaming tour de France.",
            "time": "Thu Jul 07 05:05:17 +0000 2011"
        },
        {
            "id": "88014517317013504",
            "text": "Where can I find live streaming video of the #tourdefrance in Canada? Any ideas?",
            "time": "Mon Jul 04 22:41:10 +0000 2011"
        },
        {
            "id": "87374699146907648",
            "text": "I'm at Myst\u00e9re @ Treasure Island (3300 Las Vegas Blvd, Treasure Island, Las Vegas) w/ 3 others http://4sq.com/kMLcMm",
            "time": "Sun Jul 03 04:18:46 +0000 2011"
        },
        {
            "id": "86831114177622018",
            "text": "In Vegas and pretty sure I used up all of my luck on luge!",
            "time": "Fri Jul 01 16:18:45 +0000 2011"
        },
        {
            "id": "86661643232227328",
            "text": "I'm at Planet Hollywood Hotels (Las Vegas) http://4sq.com/jPpJYF",
            "time": "Fri Jul 01 05:05:20 +0000 2011"
        },
        {
            "id": "86493873647529985",
            "text": "Most industrious homeless man I have ever seen! That's ingenuity! http://yfrog.com/kjoqnlqj",
            "time": "Thu Jun 30 17:58:41 +0000 2011"
        },
        {
            "id": "86086030373040129",
            "text": "I'm at Forzani Group Ltd (824 41 Ave NE, Calgary) http://4sq.com/mvQPTJ",
            "time": "Wed Jun 29 14:58:03 +0000 2011"
        },
        {
            "id": "85540661125840897",
            "text": "I'm at Toad 'n' Turtle Pubhouse (2475 27 Ave NE, Calgary) http://4sq.com/m9rTG6",
            "time": "Tue Jun 28 02:50:57 +0000 2011"
        },
        {
            "id": "84787447657013248",
            "text": "What a great ride @ the branch out tour today! 80km with no front derailer and I am still all smiles!",
            "time": "Sun Jun 26 00:57:57 +0000 2011"
        },
        {
            "id": "84519303495434240",
            "text": "A bit of background on that last pic. That guys mom just died of complications from MS & he rode across canada to partake in this bike tour!",
            "time": "Sat Jun 25 07:12:26 +0000 2011"
        },
        {
            "id": "84488209047891968",
            "text": "In panarama for the Branchout MS bike tour! This guy rode in from thunder bay today! #epicsupporter http://yfrog.com/hswylgjj",
            "time": "Sat Jun 25 05:08:53 +0000 2011"
        },
        {
            "id": "84462247400845313",
            "text": "I'm at Panorama Mountain Village Resort (2000 Panorama Drive, Panorama) http://4sq.com/l076Ej",
            "time": "Sat Jun 25 03:25:43 +0000 2011"
        },
        {
            "id": "83740717234663424",
            "text": "I'm at Brewsters Brewing Co & Restaurant (176-755 Lake Bonavista Drive SE, Lake Bonavista Dr & Acadia Dr SE, Calgary) http://4sq.com/jPhgCZ",
            "time": "Thu Jun 23 03:38:37 +0000 2011"
        },
        {
            "id": "83685845055447040",
            "text": "I'm at Campers Village (7208 MacLeod Trail SE, Calgary) http://4sq.com/jBLugH",
            "time": "Thu Jun 23 00:00:34 +0000 2011"
        },
        {
            "id": "82488802890891265",
            "text": "I'm at Milestones http://4sq.com/kWdpwK",
            "time": "Sun Jun 19 16:43:57 +0000 2011"
        },
        {
            "id": "82204972506296320",
            "text": "I'm at Southcentre Mall (100 Anderson Road, on McLeod Trail, Calgary) http://4sq.com/j2Qeil",
            "time": "Sat Jun 18 21:56:07 +0000 2011"
        },
        {
            "id": "82134634669936640",
            "text": "I'm at Buffalo Run Golf Course (Priddis) http://4sq.com/iswurS",
            "time": "Sat Jun 18 17:16:37 +0000 2011"
        },
        {
            "id": "81955256979820544",
            "text": "I'm at Moose McGuire's (1941 Uxbridge Dr NW, at Unwin Rd NW, Calgary) http://4sq.com/jDXIFw",
            "time": "Sat Jun 18 05:23:50 +0000 2011"
        },
        {
            "id": "81194813684330496",
            "text": "Like them or not #bruins are classy",
            "time": "Thu Jun 16 03:02:06 +0000 2011"
        },
        {
            "id": "81193449021382656",
            "text": "@erinhamlin I am pretty sure they are booing Bettman",
            "time": "Thu Jun 16 02:56:41 +0000 2011"
        },
        {
            "id": "81191072482594816",
            "text": "Vancouver was a beautiful city... I hope they don't burn it down tonight. Weak effort by the Canucks tonight...",
            "time": "Thu Jun 16 02:47:14 +0000 2011"
        },
        {
            "id": "81186386148986880",
            "text": "Did someone forget to tell Vancouver to show up for a hockey game?",
            "time": "Thu Jun 16 02:28:37 +0000 2011"
        },
        {
            "id": "80865605628076032",
            "text": "I'm at Beckham's Pub & Eatery (1355, Calgary) http://4sq.com/lmOHXh",
            "time": "Wed Jun 15 05:13:57 +0000 2011"
        },
        {
            "id": "80859238016098305",
            "text": "Question! @Sugoi piston tights or @2XU compression tights? Does anyone have any thoughts or experience with either one?",
            "time": "Wed Jun 15 04:48:39 +0000 2011"
        },
        {
            "id": "80857521002254336",
            "text": "@hansen3519 its already here! I saw it on the menu when I passed by KFC in the mall!",
            "time": "Wed Jun 15 04:41:49 +0000 2011"
        },
        {
            "id": "80814743845220352",
            "text": "I'm at McCall Lake Golf Course http://4sq.com/iLtf3s",
            "time": "Wed Jun 15 01:51:51 +0000 2011"
        },
        {
            "id": "80014672677437440",
            "text": "I'm at White Spot Bar And Grill (3380 Grant McConachie Way, in YVR Domestic Terminal, Richmond) http://4sq.com/mphhjK",
            "time": "Sun Jun 12 20:52:39 +0000 2011"
        },
        {
            "id": "79937127609147392",
            "text": "I'm not sure what \"Ninja cougar\" is like but I'm pretty sure I am going take up downhill mtn biking just to say I've been there!",
            "time": "Sun Jun 12 15:44:31 +0000 2011"
        },
        {
            "id": "79935920069033984",
            "text": "I'm at Southside Diner (2102 Lakeplacid Road, Whistler) http://4sq.com/jwPSc8",
            "time": "Sun Jun 12 15:39:43 +0000 2011"
        },
        {
            "id": "79621093039669248",
            "text": "Just went to Park Royal atmosphere and was blown away by the service! I don't know who to send this to but Great job!",
            "time": "Sat Jun 11 18:48:42 +0000 2011"
        },
        {
            "id": "79612063130980352",
            "text": "Wow! Vancouver drivers don't run cyclists off \"their\" roads! I am very impressed!",
            "time": "Sat Jun 11 18:12:49 +0000 2011"
        },
        {
            "id": "79594215151116289",
            "text": "Arc'teryx factory tent sale- yes please!",
            "time": "Sat Jun 11 17:01:54 +0000 2011"
        },
        {
            "id": "78937162799788032",
            "text": "@airblais surfing counts! But take it from me: couch sits and bed lays do not!",
            "time": "Thu Jun 09 21:31:00 +0000 2011"
        },
        {
            "id": "78816749688074240",
            "text": "Really? We are questioning the PM about spending tax payer money on going to a hockey game? I think we have bigger problems then that!",
            "time": "Thu Jun 09 13:32:32 +0000 2011"
        },
        {
            "id": "74664096074706944",
            "text": "Lobster: 0 Chris:2.5 that's right begin judging me! But these were some tasty crustaceans!",
            "time": "Sun May 29 02:31:22 +0000 2011"
        },
        {
            "id": "74643709886599169",
            "text": "Mount Royal college lobster bake! Wow...",
            "time": "Sun May 29 01:10:21 +0000 2011"
        },
        {
            "id": "72851948197527552",
            "text": "Do to a scheduling conflict the rapture has been postponed...\u201c@ctvbc: Apocalypse pushed back to Oct. 21, preacher says http://t.co/xh7FVYV\u201d",
            "time": "Tue May 24 02:30:32 +0000 2011"
        },
        {
            "id": "72728220411244544",
            "text": "Canadian retailers fear not! @target 's canadian offering shall have them returning south, sooner than later! #weak #randomjunkstore",
            "time": "Mon May 23 18:18:53 +0000 2011"
        },
        {
            "id": "72508815454642176",
            "text": "\"@LIVESTRONGCEO:913 people lost their battle with cancer in the last hour. We must not lose sight of \"our\" focus\" Isn't that the real cause?",
            "time": "Mon May 23 03:47:03 +0000 2011"
        },
        {
            "id": "69578531482501120",
            "text": "Drunk in canmore how ironic",
            "time": "Sun May 15 01:43:09 +0000 2011"
        },
        {
            "id": "68525494945058816",
            "text": "2nd beer on the go!  Raspberry Mexican Cerveza....should be ready in 4 weeks",
            "time": "Thu May 12 03:58:45 +0000 2011"
        },
        {
            "id": "67827366730268672",
            "text": "Making beer! Just set up my 2nd batch. This time I went with a hefeweizen. After my first success I can't wait the 3 weeks to taste this!",
            "time": "Tue May 10 05:44:39 +0000 2011"
        },
        {
            "id": "67402538093256704",
            "text": "@nickwoodhouse @andya55 @Costas76 One of the most important lessons I was ever taught!",
            "time": "Mon May 09 01:36:32 +0000 2011"
        },
        {
            "id": "67397233821237249",
            "text": "@nickwoodhouse @andya55 @Costas76 Are you sure it was a pain cave? They look like they were out for a sunday ride!",
            "time": "Mon May 09 01:15:27 +0000 2011"
        },
        {
            "id": "66942968153640961",
            "text": "@hansen3519 thanks! Also thanks for covering for me last week. I just found out Chris had his baby!",
            "time": "Sat May 07 19:10:22 +0000 2011"
        },
        {
            "id": "66753237897838592",
            "text": "Back in Calgary. I decided that since I would not have the sun for another month, maybe I should stock up in the form of a massive sun burn!",
            "time": "Sat May 07 06:36:26 +0000 2011"
        },
        {
            "id": "66179113613918209",
            "text": "Vegas: you are a cruel mistress who takes all my money and drives me to drink!",
            "time": "Thu May 05 16:35:04 +0000 2011"
        },
        {
            "id": "65680845641498625",
            "text": "\"@sportatitsbest: \u201c@HelenUpperton: \"U need to read \"how to race in the rain\"\" I had to put it down after 50 pages, its pretty hard hitting",
            "time": "Wed May 04 07:35:08 +0000 2011"
        },
        {
            "id": "61455212707188736",
            "text": "I know that its good Friday, but you would figure that bike store would remain open for the earth day! #Bowcyclehatesmoney",
            "time": "Fri Apr 22 15:43:59 +0000 2011"
        },
        {
            "id": "61071676737208321",
            "text": "Does anyone know when the highwood opens to cyclists?",
            "time": "Thu Apr 21 14:19:57 +0000 2011"
        },
        {
            "id": "60930009954656256",
            "text": "Am I the only one who is having problems with bell's network in calgary? I swear NW calgary is the bermuda triangle for Bell!",
            "time": "Thu Apr 21 04:57:01 +0000 2011"
        },
        {
            "id": "51492984058953728",
            "text": "@the Shamrock listening to Blues Smyth! This place is sketchy! If you don't hear from me tomorrow, check the hospital...I got shanked.",
            "time": "Sat Mar 26 03:57:38 +0000 2011"
        },
        {
            "id": "49298843375906817",
            "text": "@Ggreyski congratulations on a great career.  What a great way to finish off to cap off your career!",
            "time": "Sun Mar 20 02:38:54 +0000 2011"
        },
        {
            "id": "49225163039973376",
            "text": "20cm of snow?  I see no snow!",
            "time": "Sat Mar 19 21:46:08 +0000 2011"
        },
        {
            "id": "45141627529986048",
            "text": "Kudo's to @StarbucksCanada for the re-branding! It looks great! http://yfrog.com/gyuv0vbj",
            "time": "Tue Mar 08 15:19:37 +0000 2011"
        },
        {
            "id": "44531497075617794",
            "text": "Dry run of next weeks race today.  Everything seems to be in order...Its a good feeling when your 10km run feels like an 8km run!",
            "time": "Sun Mar 06 22:55:10 +0000 2011"
        },
        {
            "id": "42774336200908800",
            "text": "One of 4 brave souls to venture out into the -27 weather for a run this evening. 5.5 KM...a bit disappointed, I wanted 8km tonight!",
            "time": "Wed Mar 02 02:32:51 +0000 2011"
        },
        {
            "id": "41722639563104256",
            "text": "Best dinner in a long time! The Iron Goat in Canmore is amazing! Mango chipotle duck wings rocked my world! #irongoatcanmore",
            "time": "Sun Feb 27 04:53:47 +0000 2011"
        },
        {
            "id": "41042731182718976",
            "text": "Great night of climbing! Its been 2 months with no climbing...my forearms do not approve of this torture! Be back next week for sure...",
            "time": "Fri Feb 25 07:52:04 +0000 2011"
        },
        {
            "id": "40612319000141824",
            "text": "@CharlesZenon That was Sunday's run! 11km in Tuscany.  I have a summer of 10km laid out for me! Next year is the year of 1/2 marathons!",
            "time": "Thu Feb 24 03:21:46 +0000 2011"
        },
        {
            "id": "40605495093886976",
            "text": "Some how my 5km of hills in -25 ended up being 8km of hills in -25 degrees! #frozenbutt #runningroom",
            "time": "Thu Feb 24 02:54:39 +0000 2011"
        },
        {
            "id": "39717220980367361",
            "text": "@stephnairn I have to recommend \"touching my fathers soul\" by Tenzing Norgay. I've heard that \"3 cups of tea\" by Greg Mortenson is good.",
            "time": "Mon Feb 21 16:04:58 +0000 2011"
        },
        {
            "id": "39524706268749824",
            "text": "@FRANCOMEDIA Nice! The classy WARM way to enjoy the game. I like it!",
            "time": "Mon Feb 21 03:19:58 +0000 2011"
        },
        {
            "id": "39503451805192192",
            "text": "Is it true that they ran out of beer before the end of the first period at the heritage classic in Calgary?",
            "time": "Mon Feb 21 01:55:31 +0000 2011"
        },
        {
            "id": "39189344602423296",
            "text": "@stephnairn Nice choice on books! A great read but it made me a bit sad...",
            "time": "Sun Feb 20 05:07:22 +0000 2011"
        },
        {
            "id": "38441993491189760",
            "text": "@hansen3519 sorry forgot you went to TO this time! I know you miss the -20 weather we are having here...there is nothing like frost bite!",
            "time": "Fri Feb 18 03:37:40 +0000 2011"
        },
        {
            "id": "38434361942614016",
            "text": "@hansen3519 the sleaves @zensah were awesome! In one night they did wonders on my shin splints! How's NFLD?",
            "time": "Fri Feb 18 03:07:20 +0000 2011"
        },
        {
            "id": "38410662598152192",
            "text": "Zensah Running Gear GiveAway! | RunAddicts http://t.co/c7jPTBK",
            "time": "Fri Feb 18 01:33:10 +0000 2011"
        },
        {
            "id": "36605615627309056",
            "text": "@CTVCalgary",
            "time": "Sun Feb 13 02:00:33 +0000 2011"
        },
        {
            "id": "36528670390624257",
            "text": "Worst ski day ever! Broke binding first thing, rental board was for a midget, skis to replace board had no wax! FML",
            "time": "Sat Feb 12 20:54:48 +0000 2011"
        },
        {
            "id": "35762058771308545",
            "text": "Wise advise when purchasing a bike this spring!  http://bicycling.com/blogs/theselection/2011/02/08/bike-buyers-beware-in-2011/",
            "time": "Thu Feb 10 18:08:33 +0000 2011"
        },
        {
            "id": "35573956023029760",
            "text": "Got owned by hills tonight! Pacing needs a little work!",
            "time": "Thu Feb 10 05:41:06 +0000 2011"
        },
        {
            "id": "35217721822027776",
            "text": "@hansen3519 what are still up for! You have a big day of me grilling you for answers and help tomorrow!",
            "time": "Wed Feb 09 06:05:33 +0000 2011"
        },
        {
            "id": "35194501836447744",
            "text": "A quick 5km tonight. Only a warm up for hill sprints tomorrow!",
            "time": "Wed Feb 09 04:33:17 +0000 2011"
        },
        {
            "id": "34821955412697088",
            "text": "Wow, new job = strange feeling of usefulness! Great first day!",
            "time": "Tue Feb 08 03:52:55 +0000 2011"
        },
        {
            "id": "34417401378373632",
            "text": "Does anyone else find it annoying that we are missing all the good super bowl commercials on CTV's broadcast!",
            "time": "Mon Feb 07 01:05:22 +0000 2011"
        },
        {
            "id": "34140880231211009",
            "text": "Just finished watching \"the north face\" on Netflix.  Its worth the watch if you don't mind subtitles.  It makes me miss Europe...",
            "time": "Sun Feb 06 06:46:34 +0000 2011"
        },
        {
            "id": "28122192042532864",
            "text": "Snow guns going off in Park city this morning. Too bad all the people who would enjoy it are stuck in meetings at #outdoorretailer",
            "time": "Thu Jan 20 16:10:27 +0000 2011"
        },
        {
            "id": "20924078651080704",
            "text": "@ChandraCrawford www.fromsport.com",
            "time": "Fri Dec 31 19:27:43 +0000 2010"
        },
        {
            "id": "16557739371134976",
            "text": "Eating Bfast @sagebistro in canmore! Thanks for the tip @iREALTYjstoner",
            "time": "Sun Dec 19 18:17:27 +0000 2010"
        },
        {
            "id": "16021049418194944",
            "text": "Going to Canmore for saturday night. Anyone one know a good place for breakfast?",
            "time": "Sat Dec 18 06:44:50 +0000 2010"
        },
        {
            "id": "13347866651140097",
            "text": "First day of making the big step from athlete to? Today I am officiating my first luge race since I retired. Really weird to not be racing!",
            "time": "Fri Dec 10 21:42:34 +0000 2010"
        },
        {
            "id": "5038123650129921",
            "text": "Dear calgary radio stations: i can handle traffic jams but please turn down the suck! That is all...",
            "time": "Wed Nov 17 23:22:36 +0000 2010"
        },
        {
            "id": "17573696469",
            "text": "I entered the @RoadID July Giveaway to win a Trek Madone, Garmin, Hed Wheels & more. You can too: http://bit.ly/cYipxf",
            "time": "Fri Jul 02 13:57:47 +0000 2010"
        },
        {
            "id": "10294931397",
            "text": "Does anyone know how to write 12 years of Olympic experience into a resume?  I'm hitting a dead end here!",
            "time": "Wed Mar 10 23:39:54 +0000 2010"
        },
        {
            "id": "10283753567",
            "text": "The big goal this summer is to finish a sprint triathlon. I was told by a guy who does Ironman that I would be in Clydesdale category! owch!",
            "time": "Wed Mar 10 18:50:41 +0000 2010"
        },
        {
            "id": "10156354460",
            "text": "Signing up for the @tcrsportlab Master's cycling team! This summer is going to be epic!",
            "time": "Mon Mar 08 04:57:53 +0000 2010"
        },
        {
            "id": "10139324308",
            "text": "Was planning on lecturing the kid on how they treated thieves in old England. My girlfriend stepped in just as I was leaving my seat!",
            "time": "Sun Mar 07 22:37:29 +0000 2010"
        },
        {
            "id": "10139235402",
            "text": "Sitting in the theater to watch Alice and some little kid just ran by and tried to take my bag of popcorn! Luckly I'm fast and love popcorn!",
            "time": "Sun Mar 07 22:35:03 +0000 2010"
        },
        {
            "id": "10061627001",
            "text": "Shameless plug alert...If anyone out there is looking for Olympic memorabilia I am selling my custom Olympic helmet on ebay.",
            "time": "Sat Mar 06 05:42:15 +0000 2010"
        },
        {
            "id": "9837198510",
            "text": "@paddlinggeek No it should be us thanking you our country! Without your support my #olympic dreams could never be successful. So thank you!",
            "time": "Mon Mar 01 19:03:37 +0000 2010"
        },
        {
            "id": "9836392290",
            "text": "@Mukmuk2010 I love the sugar high/olympic high metaphor. Feeling a little down today. I always hate saying goodbye!",
            "time": "Mon Mar 01 18:41:13 +0000 2010"
        },
        {
            "id": "9810483177",
            "text": "The closing cerimonies are like a where's waldo for your parents! I was found 3 times! http://myloc.me/4jmPT",
            "time": "Mon Mar 01 04:39:49 +0000 2010"
        },
        {
            "id": "9801752974",
            "text": "Boom! Canada is what just happened! Best game ever! Now we march! http://myloc.me/4j2et",
            "time": "Mon Mar 01 01:06:38 +0000 2010"
        },
        {
            "id": "9794479813",
            "text": "Who are you #watching #hockey with? I'm with the canadian team in the athlete lounge! A whole lot awesome here! http://myloc.me/4iOOY",
            "time": "Sun Feb 28 22:14:26 +0000 2010"
        },
        {
            "id": "9788802466",
            "text": "Started at the #shaw party and then met up with the hockey girls and Jeff Pain. Ended the night eating mcdees with John Morrison! E P I C!!",
            "time": "Sun Feb 28 19:44:59 +0000 2010"
        },
        {
            "id": "9738148836",
            "text": "You know what I love? How during the olympics, formal attire includes a Canada hockey jersey! After last nights game I'm going formal!",
            "time": "Sat Feb 27 17:39:17 +0000 2010"
        },
        {
            "id": "9736492303",
            "text": "@leafsweetie I was just thinking the opposite! I love new followers! Especially ones that are active tweeters!",
            "time": "Sat Feb 27 16:57:28 +0000 2010"
        },
        {
            "id": "9704415502",
            "text": "That just happened! Thanks to heather! http://tweetphoto.com/12622790",
            "time": "Sat Feb 27 00:27:05 +0000 2010"
        },
        {
            "id": "9700385475",
            "text": "Just got tickets to canada vs slovakia! Feel like I won the lottery!",
            "time": "Fri Feb 26 22:45:24 +0000 2010"
        },
        {
            "id": "9693056161",
            "text": "Went to the Vancouver Olympic village, between the Canadian mens hockey and US womens figure skating teams, I feel small and ugly!",
            "time": "Fri Feb 26 19:38:15 +0000 2010"
        },
        {
            "id": "9639969862",
            "text": "Whistler Fly shop took my little brother Steel Head fishing today! Makes me wish I could flyfish that good! This summer Im going to learn!",
            "time": "Thu Feb 25 19:37:21 +0000 2010"
        },
        {
            "id": "9556861772",
            "text": "Tonight we are being hosted by the Howe Sound Brew company in squamish",
            "time": "Wed Feb 24 02:46:55 +0000 2010"
        },
        {
            "id": "9493432946",
            "text": "As my coach said once, \"life is tough in the mountains!\" http://tweetphoto.com/12210893",
            "time": "Mon Feb 22 21:10:09 +0000 2010"
        },
        {
            "id": "9422362150",
            "text": "WTF is all I have to say! http://tweetphoto.com/12071008",
            "time": "Sun Feb 21 08:48:18 +0000 2010"
        },
        {
            "id": "9360353506",
            "text": "Look out Vancouver, the Luge team coming to town. Canvas Lounge @ 9:00! Riding the Alberta Train down from Whistler...keeping it classy!",
            "time": "Sat Feb 20 00:30:22 +0000 2010"
        },
        {
            "id": "9353409144",
            "text": "Yeah, that's right! I got a #starbucks olympic pin! One of the last I hear! http://tweetphoto.com/11891739",
            "time": "Fri Feb 19 21:26:49 +0000 2010"
        },
        {
            "id": "9269588222",
            "text": "Chilling between runs. Kinda relaxed for the 2nd run! Great race, proud to say I had to race my ass of for 7t http://tweetphoto.com/11735394",
            "time": "Thu Feb 18 04:55:02 +0000 2010"
        },
        {
            "id": "9254776116",
            "text": "Game on!",
            "time": "Wed Feb 17 22:40:37 +0000 2010"
        },
        {
            "id": "9187140416",
            "text": "Snowing in the whistler olympic village, about time! I love it!",
            "time": "Tue Feb 16 14:39:44 +0000 2010"
        },
        {
            "id": "9164241358",
            "text": "In the Canadian Olympic house, Whistler watching women's luge and meeting the gov.  general.  http://myloc.me/3RyG6",
            "time": "Tue Feb 16 01:32:04 +0000 2010"
        },
        {
            "id": "9073984455",
            "text": "RT @CTVOlympics:  @CTVOalpine @CTVOcurling @CTVOfreestyle @CTVOfskating @CTVOhockey @CTVOnordic @CTVOsliding @CTVOsnowboard @CTVOspdskating",
            "time": "Sat Feb 13 23:12:07 +0000 2010"
        },
        {
            "id": "9038505502",
            "text": "hold on tight. almost marching in!",
            "time": "Sat Feb 13 02:56:42 +0000 2010"
        },
        {
            "id": "8978155618",
            "text": "\"T-Bag\" aka Tristan Walker and I working our way back to the athletes village. Good times in whistler village http://tweetphoto.com/11072757",
            "time": "Thu Feb 11 21:19:33 +0000 2010"
        },
        {
            "id": "8688810858",
            "text": "Did I mention anything moose related is awesome!",
            "time": "Fri Feb 05 18:50:56 +0000 2010"
        },
        {
            "id": "8688046881",
            "text": "Whistler village Canadian team mascot!  http://tweetphoto.com/10489519",
            "time": "Fri Feb 05 18:28:56 +0000 2010"
        },
        {
            "id": "8506238557",
            "text": "Finally the first day I have slept in since November!  I could get used to this!",
            "time": "Mon Feb 01 17:19:13 +0000 2010"
        },
        {
            "id": "6631528126",
            "text": "@erinhamlin great job Erin! Enjoy your holidays!",
            "time": "Sun Dec 13 15:47:50 +0000 2009"
        },
        {
            "id": "6517307547",
            "text": "@GloBlair How is Waterberg treating you?",
            "time": "Thu Dec 10 02:09:34 +0000 2009"
        },
        {
            "id": "6516897996",
            "text": "Dear City of Calgary, you say that \"your working hard to remove snow from the roads.\" I see the snow, but where are the plows? Road=brutal",
            "time": "Thu Dec 10 01:56:36 +0000 2009"
        },
        {
            "id": "6505408385",
            "text": "@kriceSD57 I'm sure we can set something up next week. I don't know my training sched yet but write me back on saturday and I should know.",
            "time": "Wed Dec 09 19:09:58 +0000 2009"
        },
        {
            "id": "6482935502",
            "text": "Tuesday night movies kick ass! 11.50 for a movie + drink and popcorn! Thank you telus!",
            "time": "Wed Dec 09 02:01:15 +0000 2009"
        },
        {
            "id": "6464091912",
            "text": "Made it home to Calgary...only to find myself stuck in the long term parking. Apparently its too cold for my P.O.S. car to start!",
            "time": "Tue Dec 08 14:05:32 +0000 2009"
        },
        {
            "id": "6365205889",
            "text": "Altenberg race at 11:00...going to pull it together for a 2 solid runs today!",
            "time": "Sat Dec 05 08:55:53 +0000 2009"
        },
        {
            "id": "6306692303",
            "text": "@JennHeil you know when you've hit rock bottom of hotel food when you depend on Donairs for nourishment! Good luck with the pizza!",
            "time": "Thu Dec 03 15:50:27 +0000 2009"
        },
        {
            "id": "6169857774",
            "text": "We WON the team competition! First time the Canadian Anthem has been played since the mid 80's! Clean runs a touch of luck.",
            "time": "Sun Nov 29 13:41:13 +0000 2009"
        },
        {
            "id": "6166037990",
            "text": "@samueledney just laid down a heater!  Someone is climbing the ladder on the second run!  Good job!",
            "time": "Sun Nov 29 09:14:04 +0000 2009"
        },
        {
            "id": "6165139215",
            "text": "Tough day at the track, we just need to connect on 2 runs. I guess its all part of the journey. Team comp. today with Alex and @samueledney",
            "time": "Sun Nov 29 08:09:00 +0000 2009"
        },
        {
            "id": "6121357928",
            "text": "After a week of battling to keep straight on the starts we finally did it! Gotta keep it up for tomorrows world cup race.",
            "time": "Fri Nov 27 20:12:35 +0000 2009"
        },
        {
            "id": "5957737935",
            "text": "My first long flight in first class! Thank you air canada!",
            "time": "Sun Nov 22 22:32:41 +0000 2009"
        },
        {
            "id": "5926627843",
            "text": "@devonkershaw are you guys kitted out in karbon this year?",
            "time": "Sat Nov 21 19:57:27 +0000 2009"
        },
        {
            "id": "5920195964",
            "text": "10th place last night. I will own the blame on that one! On the up side we made a huge step forward this last summer in starts and sliding!",
            "time": "Sat Nov 21 15:06:09 +0000 2009"
        },
        {
            "id": "5879827743",
            "text": "wow...looks like the flames have something distracting them from the game tonight. Probably just excited for the luge race at COP tomorrow!",
            "time": "Fri Nov 20 04:13:32 +0000 2009"
        },
        {
            "id": "5857986306",
            "text": "Last training run in calgary this morning. I dont know why but racing in calgary makes everyone stressed but racing in whistler is easygoing",
            "time": "Thu Nov 19 14:03:42 +0000 2009"
        },
        {
            "id": "5728510145",
            "text": "Tough day today. Our first accidental crash of the year! Followed quickly by a heater! Off to calgary in the morning.",
            "time": "Sun Nov 15 04:48:03 +0000 2009"
        },
        {
            "id": "5572744690",
            "text": "Let it snow! let it snow! let it snow! Heard a rumor at the coffee shop that whistler ski hill might open on saturday http://pic.gd/9dd34c",
            "time": "Mon Nov 09 23:33:20 +0000 2009"
        },
        {
            "id": "5566209530",
            "text": "@FairmontWhistlr thanks for the support.  We will be sure to drop in and see you guys!",
            "time": "Mon Nov 09 19:10:30 +0000 2009"
        },
        {
            "id": "5565392273",
            "text": "@FairmontWhistlr trainings going great.  Today is just a gym workout, tomorrow is when the sliding starts.  Should be a great week!",
            "time": "Mon Nov 09 18:35:04 +0000 2009"
        },
        {
            "id": "5562757402",
            "text": "Embracing the rain!  I could be sliding in Europe in the rain.  Rain or shine I love being in whistler!",
            "time": "Mon Nov 09 16:41:31 +0000 2009"
        },
        {
            "id": "5552774748",
            "text": "In whistler for international training week.  Let the season begin!",
            "time": "Mon Nov 09 06:24:58 +0000 2009"
        },
        {
            "id": "5488803150",
            "text": "@TheMarquess addictive and time consuming!",
            "time": "Fri Nov 06 20:59:26 +0000 2009"
        },
        {
            "id": "5470239453",
            "text": "Training week in Calgary done! Feeling a bit sick, time for some serious recovery.",
            "time": "Fri Nov 06 04:13:29 +0000 2009"
        },
        {
            "id": "5401317859",
            "text": "Anyone else have an issue with bell mobility changing the rules on hardware upgrades?",
            "time": "Tue Nov 03 20:53:05 +0000 2009"
        },
        {
            "id": "5375261300",
            "text": "@emdes Since the tour was discontinued a while ago...but its better since it runs on bells new faster network, has WiFi and is a world phone",
            "time": "Mon Nov 02 22:46:51 +0000 2009"
        },
        {
            "id": "5374372906",
            "text": "Anyone else counting down the days until Bell Mobility releases the new Blackberry Bold? Bell should hire me, I must have sold 4 already!",
            "time": "Mon Nov 02 22:09:42 +0000 2009"
        },
        {
            "id": "5292977030",
            "text": "Remembering waiting for the torch to pass by us in Calgary 88.  I think I still have a candle torch for petrocanada kicking around!",
            "time": "Fri Oct 30 17:35:29 +0000 2009"
        },
        {
            "id": "5292892042",
            "text": "@Christieluge twice if you are lucky and old like me!",
            "time": "Fri Oct 30 17:31:55 +0000 2009"
        },
        {
            "id": "5174367245",
            "text": "Going to pick up some packages from the post office.  Does anyone else feel like its xmas when you get stuff from ebay?",
            "time": "Mon Oct 26 14:47:26 +0000 2009"
        },
        {
            "id": "5130195307",
            "text": "Finished our last selection race in Whistler today.  I can honestly say we earned our 3 days off!",
            "time": "Sat Oct 24 20:07:02 +0000 2009"
        },
        {
            "id": "5130172162",
            "text": "@samueledney Ian will always be jealous of twitter... its in his nature not to conform to pop culture.",
            "time": "Sat Oct 24 20:05:54 +0000 2009"
        },
        {
            "id": "4908841904",
            "text": "RT @CTVOlympics: Brothers don\u2019t mind the slow lane, at least for now: This is what Chris and Mike Moffat insist t... http://bit.ly/29VS3i",
            "time": "Fri Oct 16 05:00:10 +0000 2009"
        },
        {
            "id": "4908769741",
            "text": "RT @CTVOlukas: Vitamin water and Olympic news: This just in.  http://bit.ly/gKlPS",
            "time": "Fri Oct 16 04:55:46 +0000 2009"
        },
        {
            "id": "4753439259",
            "text": "After 2 weeks of training in Whistler I thought it would be nice to come home to Calgary...but seriously who ordered the winter?",
            "time": "Sat Oct 10 03:59:08 +0000 2009"
        },
        {
            "id": "4540189714",
            "text": "@emdes there were some dead ones... Ok alot of dead ones!",
            "time": "Fri Oct 02 01:00:47 +0000 2009"
        },
        {
            "id": "4463227394",
            "text": "Think I just saw one of the most amazing things today, I watched the salmon run just outside of Pemberton.  Very cool and worth the stop.",
            "time": "Tue Sep 29 04:57:22 +0000 2009"
        },
        {
            "id": "4433296578",
            "text": "Whistler bound at 4:00am ... let the season begin!",
            "time": "Mon Sep 28 02:57:29 +0000 2009"
        },
        {
            "id": "4107027448",
            "text": "@TourdeFrank is there any other espresso? This Olympian is a coffee junky! Morning americanos are essentail for top notch performance!",
            "time": "Sat Sep 19 18:13:31 +0000 2009"
        },
        {
            "id": "3921028014",
            "text": "RT @TourdeFrank: Ay caramba! Congrats to cyclist Ryder Hesjedal, 1st Canadian ever to win a stage in the Tour of Spain. http://bit.ly/Fbxq6",
            "time": "Fri Sep 11 22:18:17 +0000 2009"
        },
        {
            "id": "3739722988",
            "text": "When will this week be over! A pulled tooth and a dislocated kneecap is enough!  Maybe I will just stay in bed until Monday, might be safer!",
            "time": "Thu Sep 03 19:05:12 +0000 2009"
        },
        {
            "id": "3607942799",
            "text": "any one know a dentist that will give an athlete a good deal? Broke a tooth and need some help",
            "time": "Fri Aug 28 18:13:29 +0000 2009"
        },
        {
            "id": "3571759109",
            "text": "RT @Goldsack Support Canadas athletes, check out www.snowday09.ca",
            "time": "Thu Aug 27 03:23:05 +0000 2009"
        },
        {
            "id": "3460717258",
            "text": "KFC Has A Bacon Sandwich That Uses Fried Chicken As \"Bread\": http://bit.ly/IcFm5 This is the end of humanity!",
            "time": "Fri Aug 21 23:13:00 +0000 2009"
        },
        {
            "id": "3453441273",
            "text": "Does anyone know a good restaurant for dinner in Downtown Toronto?",
            "time": "Fri Aug 21 16:57:21 +0000 2009"
        },
        {
            "id": "3444138046",
            "text": "sitting in the toronto airport after the 1.5hour delay for getting off. starting to feel like tom hanks in \"terminal\"",
            "time": "Fri Aug 21 05:19:05 +0000 2009"
        },
        {
            "id": "3436840246",
            "text": "On my way to Toronto to do presentations for the CNE.  It's going to be a great couple of days!",
            "time": "Thu Aug 20 22:22:46 +0000 2009"
        },
        {
            "id": "3355570380",
            "text": "@TheMarquess random?",
            "time": "Mon Aug 17 03:44:09 +0000 2009"
        },
        {
            "id": "3322186734",
            "text": "This is sad, tonight is my first night of my 2 weeks off and I am too tired to do anything...just sitting at home watching Big Bang theory!",
            "time": "Sat Aug 15 03:43:41 +0000 2009"
        },
        {
            "id": "3266851987",
            "text": "Ok I feel like a herb! How was I to know that the guy I told to get off my bench at the gym was Mark Messier! In fairness it was my bench...",
            "time": "Wed Aug 12 15:25:24 +0000 2009"
        },
        {
            "id": "3137269525",
            "text": "@erinhamlin why are you in Fargo? It's the night life isn't it!",
            "time": "Wed Aug 05 02:29:07 +0000 2009"
        },
        {
            "id": "2845448377",
            "text": "Great ride this afternoon! Met some old retired guy on the way home. Im pretty sure he could have ground me to a pulp if we had met earlier!",
            "time": "Sun Jul 26 00:34:01 +0000 2009"
        },
        {
            "id": "2782863461",
            "text": "1 hour ride today, just nice to get out and recover from yesterday. Only one question... Who let Sam pick the super climber route?",
            "time": "Wed Jul 22 18:49:35 +0000 2009"
        },
        {
            "id": "2772620618",
            "text": "I just finished a 2 hr epic game of ultimate frisbee! We scraped by for a win with no subs. Had the heartrate monitor on and burnt 1689 cals",
            "time": "Wed Jul 22 04:59:12 +0000 2009"
        },
        {
            "id": "2772564396",
            "text": "@erinhamlin extremely scared! I just made it to a whooping level 10 on the beep test. After that I was considering going into pro biking! Jk",
            "time": "Wed Jul 22 04:55:00 +0000 2009"
        },
        {
            "id": "2762929741",
            "text": "What are they thinking!  Testing for blood doping in Luge is just a waste of money... we do a gravity/power sport!  http://bit.ly/jcvA1",
            "time": "Tue Jul 21 19:01:13 +0000 2009"
        },
        {
            "id": "2676623795",
            "text": "@TheMarquess about time you joined the world!",
            "time": "Thu Jul 16 21:34:19 +0000 2009"
        },
        {
            "id": "2625184767",
            "text": "Cavendish beach today! Beautiful! My cottage leaves something to be desired. I had my first lobster diner and I think im hooked!",
            "time": "Tue Jul 14 02:21:06 +0000 2009"
        },
        {
            "id": "2579299945",
            "text": "getting ready to head to Moncton, Miramichi and PEI! I'm hitting it all up in under 5 days! Uber stoked for this one... Lobster every day!",
            "time": "Sat Jul 11 04:17:41 +0000 2009"
        },
        {
            "id": "2576196751",
            "text": "@CTVOlukas  at least you don't have to check every ingredient to make sure you don't get kicked out of sport!",
            "time": "Sat Jul 11 00:11:04 +0000 2009"
        },
        {
            "id": "2465242129",
            "text": "Just had an amazing day training with the biathalon team in Canmore! A whole new respect for that sport!",
            "time": "Sat Jul 04 04:37:43 +0000 2009"
        },
        {
            "id": "2172999027",
            "text": "Finished the MS bike tour! 160km on a bike  was actually easy! Now I need to find some longer rides around calgary.",
            "time": "Mon Jun 15 03:02:07 +0000 2009"
        },
        {
            "id": "2132306403",
            "text": "amazing weather in Calgary today! Hopefully it holds for this weekends MS Bike tour.",
            "time": "Fri Jun 12 15:14:28 +0000 2009"
        },
        {
            "id": "2106480120",
            "text": "Just finished my first team ride! Riding in a pack kills on riding solo! Can't wait for the next one!",
            "time": "Wed Jun 10 18:26:15 +0000 2009"
        },
        {
            "id": "2084280103",
            "text": "Can't believe that I am actually watching \"I'm a celebrity get me out of here!\" ....  I have sunk to a whole level",
            "time": "Tue Jun 09 01:55:15 +0000 2009"
        },
        {
            "id": "2082697933",
            "text": "Long road to Olympics easier to travel with help of siblings: Team Canada has several sets of... http://bit.ly/18Lhj8 (via @CTVOlympics)",
            "time": "Mon Jun 08 23:21:39 +0000 2009"
        },
        {
            "id": "2079821141",
            "text": "@Goldsack your a trooper! Did you drive back last night?",
            "time": "Mon Jun 08 19:07:54 +0000 2009"
        },
        {
            "id": "2069653051",
            "text": "Im making it happen at the shaw Auction...are you? www.shaw.ca! support Athlete CAN fund! Please",
            "time": "Sun Jun 07 23:16:29 +0000 2009"
        },
        {
            "id": "2067519428",
            "text": "I'm in Vancouver working at the call center for the CAN Fund auction! WWW.shaw.ca for charity!",
            "time": "Sun Jun 07 19:29:24 +0000 2009"
        },
        {
            "id": "2056113545",
            "text": "Just bought a crap load of tickets on the Vanoc site!  I was lucky enough that it only took me 5 minutes to get on...",
            "time": "Sat Jun 06 17:33:04 +0000 2009"
        },
        {
            "id": "1926082297",
            "text": "Anonymous donor just made a challenge to give LAF $25k when @LIVESTRONGCEO hits 25K followers. Deadline is May 29. via @lancearmstrong",
            "time": "Tue May 26 18:00:10 +0000 2009"
        },
        {
            "id": "1914422974",
            "text": "RT @larryczerwonka: pay attention to how your own opinions and habits might be limiting your success. (via @AngeStar1) wise words",
            "time": "Mon May 25 17:43:35 +0000 2009"
        },
        {
            "id": "1811665031",
            "text": "@ReaFaceToFace free wifi at the illy cafe first floor at palazzo.  Good crepes too!",
            "time": "Sat May 16 00:00:49 +0000 2009"
        },
        {
            "id": "1790843739",
            "text": "@CP_OlyCorro thanks for the update on the olympic blogging.  They have yet to pass that onto the athletes!",
            "time": "Thu May 14 02:05:41 +0000 2009"
        },
        {
            "id": "1779118753",
            "text": "@ReaFaceToFace  I just got back from Vegas! Go see Zoomanity! it was awesome!",
            "time": "Wed May 13 00:17:12 +0000 2009"
        },
        {
            "id": "1710084632",
            "text": "X-men origins really isn't that bad!  Everyone I talked to thought it was horrible, maybe I have a higher tolerance to bad acting?",
            "time": "Tue May 05 21:14:29 +0000 2009"
        },
        {
            "id": "1697819839",
            "text": "I will never eat here again! Tour of McDonald's Horrifying Mechanized Meat Factories http://gizmodo.com/5238869 #food #mcdonaldsmeatfactory",
            "time": "Mon May 04 17:57:57 +0000 2009"
        },
        {
            "id": "1679529615",
            "text": "light ride today after yesterday's sufferfest!  Less than a month until I ride in the MS bike tour.",
            "time": "Sat May 02 16:34:20 +0000 2009"
        },
        {
            "id": "1653737310",
            "text": "Lost my swim goggles and decided to go without.  Probably my biggest mistake of the day!  Everybody thinks I am stoned! Off the buy visine!",
            "time": "Wed Apr 29 23:11:47 +0000 2009"
        },
        {
            "id": "1601068623",
            "text": "Does anyone else have problems with Shaw Cable and how HD channels lose audio all the time?",
            "time": "Fri Apr 24 04:33:41 +0000 2009"
        },
        {
            "id": "1587374997",
            "text": "Best quote ever from Lascelles Brown, Bobsleigh: \"Love winning! But don't hate losing because that makes you a poor sport.\" Wise words!",
            "time": "Wed Apr 22 19:24:53 +0000 2009"
        },
        {
            "id": "1545565075",
            "text": "Seriously, another drug test? I feel like Lance Armstrong in France...except its in my own country! 4 drug tests in 8 weeks...is this a  ...",
            "time": "Fri Apr 17 21:02:25 +0000 2009"
        },
        {
            "id": "1538973732",
            "text": "Just back from evening run...things are finally starting to look up in Calgary, NO SNOW!",
            "time": "Fri Apr 17 02:45:29 +0000 2009"
        },
        {
            "id": "1537742934",
            "text": "if I ever decide to move to south calgary, someone shoot me!",
            "time": "Thu Apr 16 23:45:17 +0000 2009"
        },
        {
            "id": "1527990171",
            "text": "I think I need a hobby...maybe fly fishing?",
            "time": "Wed Apr 15 20:15:21 +0000 2009"
        },
        {
            "id": "1512309628",
            "text": "Just back from the windiest ride ever!  Its all good, what didn't kill made me definitely stronger! (weaker now/stronger in the future!)",
            "time": "Mon Apr 13 22:32:41 +0000 2009"
        },
        {
            "id": "1509841052",
            "text": "I can't believe I'm actually watching Jerry springer!  Why doesn't the bike store open early?",
            "time": "Mon Apr 13 15:56:02 +0000 2009"
        },
        {
            "id": "1509582548",
            "text": "@Jennifer_L whats gross?",
            "time": "Mon Apr 13 15:11:20 +0000 2009"
        },
        {
            "id": "1500527226",
            "text": "Today I was almost run off the highway while biking! Some jack a$$ on a quad thought it was funny to try and run me off! Freakn hillbilly!",
            "time": "Sun Apr 12 01:53:28 +0000 2009"
        },
        {
            "id": "1488321592",
            "text": "Ambitious plans were crushed when I went to take my first outside ride today...Apparently I should have checked the bolts on my bike earlier",
            "time": "Fri Apr 10 03:52:22 +0000 2009"
        },
        {
            "id": "1485931136",
            "text": "I just finished watching \"yes man\"  and I haven't seen Jim Carey this funny since \"mask\"",
            "time": "Thu Apr 09 20:42:38 +0000 2009"
        },
        {
            "id": "1471910991",
            "text": "@cwightman Thanks! I'm not sure what its going to be used for. Its a sweet deal because its going through till 2014!",
            "time": "Tue Apr 07 20:36:04 +0000 2009"
        },
        {
            "id": "1467199005",
            "text": "@cwightman its one of Mark Grimette's friends.  I thought it was a pretty awesome get up!",
            "time": "Tue Apr 07 03:13:31 +0000 2009"
        },
        {
            "id": "1465605069",
            "text": "@Jennifer_L I always thought a \"women's version\" of basketball was womens basketball? What NCAA final was I watching this afternoon?Netball?",
            "time": "Mon Apr 06 21:58:15 +0000 2009"
        },
        {
            "id": "1464626870",
            "text": "@Jennifer_L I have heard about it but I can't say I know exactly what it is",
            "time": "Mon Apr 06 19:00:22 +0000 2009"
        },
        {
            "id": "1453634290",
            "text": "20 minutes until final four!  Can't wait! Come on Uconn!",
            "time": "Sat Apr 04 21:42:23 +0000 2009"
        },
        {
            "id": "1453624427",
            "text": "@cwightman I been sworn to secrecy until Tues, I could tell you but then the CLA president would kill me...When will we see you again?",
            "time": "Sat Apr 04 21:40:14 +0000 2009"
        },
        {
            "id": "1452476485",
            "text": "@cwightman Thanks Chris.  I didn't have a clue what it stood for!  How are things going in?",
            "time": "Sat Apr 04 17:33:59 +0000 2009"
        },
        {
            "id": "1452220488",
            "text": "@Jennifer_L maybe im not up on your \"lingo\" but what does TFC stand for?",
            "time": "Sat Apr 04 16:41:37 +0000 2009"
        },
        {
            "id": "1431626643",
            "text": "Pretty sure drinking protein should never be mixed with BCAA's and beta-alanine. This might just be the most disgusting concoction ever!",
            "time": "Wed Apr 01 14:30:10 +0000 2009"
        },
        {
            "id": "1429134872",
            "text": "@Jennifer_L super wicked cooking school. I can send you the recipies if you want. What brand of bike did you buy?",
            "time": "Wed Apr 01 03:35:51 +0000 2009"
        },
        {
            "id": "1428453984",
            "text": "RT @Jennifer_L  @CTVOlympics: Unknown doping and the danger of dietary supplements to the Olympic athlete: http://tinyurl.com/cmbcw5",
            "time": "Wed Apr 01 01:34:16 +0000 2009"
        },
        {
            "id": "1421523451",
            "text": "First day of summer training! I may have been sick a couple times during the weight circuits but the 8km run after was all good!",
            "time": "Tue Mar 31 01:17:58 +0000 2009"
        },
        {
            "id": "1419361669",
            "text": "@Jennifer_L what kind are you looking for? Road, mountain, cruiser?",
            "time": "Mon Mar 30 18:26:14 +0000 2009"
        },
        {
            "id": "1413676585",
            "text": "sitting in line to get buy 1 get one free road bike tires. 45min is it worth it?",
            "time": "Sun Mar 29 20:00:47 +0000 2009"
        },
        {
            "id": "1398578886",
            "text": "Just finished a cooking school put on by the National sports center...I am truly inspired! Pizza and gnocchi for the rest of the week!",
            "time": "Fri Mar 27 02:31:33 +0000 2009"
        },
        {
            "id": "1398568377",
            "text": "@Jennifer_L Ultimate Frisbee isn't really a contact sport. But if that hippy burns me again it might be...jk",
            "time": "Fri Mar 27 02:29:32 +0000 2009"
        },
        {
            "id": "1395981887",
            "text": "@Jennifer_L I found the same thing.  If you stay in your sport to much you become way to 1 dimensional. This summer I'm playing Ultimate!",
            "time": "Thu Mar 26 18:28:40 +0000 2009"
        },
        {
            "id": "1392551507",
            "text": "Has anyone else tried \"Grapples.\"  They are strangly addicting! It brings me back to when I was little drinking Welches Grape juice!",
            "time": "Thu Mar 26 04:17:52 +0000 2009"
        },
        {
            "id": "1391338375",
            "text": "@Jennifer_L after I retired in 2002 I drove myself crazy until I came back to luge. I used Rugby to fill the void but that just made me fat!",
            "time": "Thu Mar 26 00:11:27 +0000 2009"
        },
        {
            "id": "1391332522",
            "text": "@Jennifer_L -your pedal fell off!  While you were riding it?  Thats never good for business! I know what you mean about competition...",
            "time": "Thu Mar 26 00:10:17 +0000 2009"
        },
        {
            "id": "1390370060",
            "text": "@Jennifer_L I still can't get into running. I am starting to get into cycling. I like being able to just zone out and pedal...",
            "time": "Wed Mar 25 21:10:10 +0000 2009"
        },
        {
            "id": "1390331494",
            "text": "@Jennifer_L - it might help a bit on the start but I think being too aggressive would make you slower.",
            "time": "Wed Mar 25 21:03:04 +0000 2009"
        },
        {
            "id": "1390152912",
            "text": "Seriously, I am not a doper! Luge isn't a sport where crank is going to help you! 3rd test in 5 weeks...good thing I keep my bladder full!!",
            "time": "Wed Mar 25 20:29:56 +0000 2009"
        },
        {
            "id": "1389363891",
            "text": "@Jennifer_L - what summer sports? I'm assuming something to do with lakes...everyone I know from out east can water ski...",
            "time": "Wed Mar 25 18:04:11 +0000 2009"
        },
        {
            "id": "1385637562",
            "text": "@Jennifer_L - I can't believe you have never skied!  Thats crazy?  What do people do for fun in Toronto?",
            "time": "Wed Mar 25 02:22:44 +0000 2009"
        },
        {
            "id": "1385617917",
            "text": "@Jennifer_L - I would love to be snowboarding but I just don't want to risk any injury going into the off season training.",
            "time": "Wed Mar 25 02:18:51 +0000 2009"
        },
        {
            "id": "1384284686",
            "text": "@chompmedia - the Holy Grill is amazing!  I can't wait to see how it holds up to Dairy Lane in terms of breakfast!",
            "time": "Tue Mar 24 21:58:25 +0000 2009"
        },
        {
            "id": "1379999145",
            "text": "@Jennifer_L -Live luge just doesnt hold a candle to the easy access to the mountains. Thats why I love Calgary..even if there is no baseball",
            "time": "Tue Mar 24 04:18:27 +0000 2009"
        },
        {
            "id": "1379870950",
            "text": "@Jennifer_L - I have been thinking it was all special effects for TV, but since I live in Calgary away from live baseball I was never sure..",
            "time": "Tue Mar 24 03:48:46 +0000 2009"
        },
        {
            "id": "1379751152",
            "text": "@Jennifer_L - vampire baseball sounds kinda fun.  I guess its kinda like MLB but they are enhanced in other ways....jk",
            "time": "Tue Mar 24 03:22:40 +0000 2009"
        },
        {
            "id": "1379537199",
            "text": "Ok, I admit it...I am watching #twilight and its kinda interesting.  I think I might even read the books...maybe",
            "time": "Tue Mar 24 02:38:27 +0000 2009"
        },
        {
            "id": "1378243116",
            "text": "Just added myself to the http://wefollow.com twitter directory under:  #Olympic #Athlete #Calgary",
            "time": "Mon Mar 23 22:22:11 +0000 2009"
        },
        {
            "id": "1378028252",
            "text": "Just added myself to the http://wefollow.com twitter directory under:  #Luge #Olympic #Vancouver2010",
            "time": "Mon Mar 23 21:41:22 +0000 2009"
        },
        {
            "id": "1361363742",
            "text": "I'm pretty disapointed that the buffalo cafe in Inglwood is closed! Evem more disapointed that I found out after I payed for parking!",
            "time": "Fri Mar 20 17:10:04 +0000 2009"
        },
        {
            "id": "1355582316",
            "text": "Trying to figure out how to do HDR photos...time to break out the GIMP!",
            "time": "Thu Mar 19 17:34:57 +0000 2009"
        },
        {
            "id": "1342993998",
            "text": "Just bought my 2nd lens! Can't wait to take it out and take some sweet pictures!",
            "time": "Tue Mar 17 16:30:12 +0000 2009"
        },
        {
            "id": "1338548758",
            "text": "Still broken...but the Doc says to keep going and he will do surgery after the Olympics! keep on keeping on!",
            "time": "Mon Mar 16 21:14:22 +0000 2009"
        },
        {
            "id": "1338137534",
            "text": "waiting at the dr's office. hoping the xrays are good...will update soon!",
            "time": "Mon Mar 16 19:57:15 +0000 2009"
        },
        {
            "id": "1317826650",
            "text": "I believe! Watch for the Moffat's on CTV starting in may!",
            "time": "Thu Mar 12 19:45:53 +0000 2009"
        },
        {
            "id": "1311385736",
            "text": "Im not sure how much more downtime I can handle...A whole month of this may drive me to a new level of crazy!",
            "time": "Wed Mar 11 16:37:54 +0000 2009"
        },
        {
            "id": "1309651031",
            "text": "@ReaFaceToFace crap....thats all I have to say on the matter...thanks for the link though.",
            "time": "Wed Mar 11 07:51:15 +0000 2009"
        },
        {
            "id": "1309125845",
            "text": "Anyone know how I can get my hands on one of those \"believe\" hoodies from ctv?  They are awesome!",
            "time": "Wed Mar 11 04:15:58 +0000 2009"
        },
        {
            "id": "1307881662",
            "text": "Finally got to move into our new sled shop!  Im happy to be done fiberglassing in a room filled with asbestos...",
            "time": "Tue Mar 10 23:06:39 +0000 2009"
        },
        {
            "id": "1295392229",
            "text": "15cm of snow in nw calgary. Not bad for 1 hour! At this rate I'm going to have to shovel my car out in the morning!",
            "time": "Sun Mar 08 05:01:40 +0000 2009"
        },
        {
            "id": "1288877880",
            "text": "I am going to buy my first SLR camera today!  Thanks to @cwightman for the great advise!  I'm pretty sure its going to be a Sony Alpha 300.",
            "time": "Fri Mar 06 16:24:00 +0000 2009"
        },
        {
            "id": "1284094778",
            "text": "Magic Lattes: A latte that appears full when you leave starbucks but upon arrival in your car half is missing! AKA the bane of my existence!",
            "time": "Thu Mar 05 16:56:05 +0000 2009"
        },
        {
            "id": "1280998796",
            "text": "I survived a whole day!  I am wiped though...talking to a whole school is hard work for a guy who is a bit stage fright!",
            "time": "Wed Mar 04 23:50:24 +0000 2009"
        },
        {
            "id": "1278972653",
            "text": "Spending the day at a school teaching kids about luge! The olympics don't make me nervous but teaching little kids does? Go figure!",
            "time": "Wed Mar 04 15:51:57 +0000 2009"
        },
        {
            "id": "1275040685",
            "text": "Im pretty sure the snow is following me!",
            "time": "Tue Mar 03 19:07:34 +0000 2009"
        },
        {
            "id": "1270667500",
            "text": "Canadian champs results\nDoubles\n1.Moffat/Moffat 2.walker/Snith 3.Albrect/Olson\nMen\n1.Edney 2.Christie 3.Cockerline\nWomen\n1.Gough 2.Simister",
            "time": "Mon Mar 02 20:21:37 +0000 2009"
        },
        {
            "id": "1268058500",
            "text": "My season is done and I will now take a page out of Jim Rome's book and retire to \"the basement\" for 2 weeks to recharge b4 summer training!",
            "time": "Mon Mar 02 04:48:21 +0000 2009"
        },
        {
            "id": "1259784183",
            "text": "@airblais Good luck this week!",
            "time": "Fri Feb 27 21:22:46 +0000 2009"
        },
        {
            "id": "1259333260",
            "text": "I would like to give a shout out to Wendy Kendall of Blends coffee (Whistler) who sponsored Moffat Moffat luge for $100 worth of caffeine!",
            "time": "Fri Feb 27 19:27:12 +0000 2009"
        },
        {
            "id": "1256866453",
            "text": "My season is now coming to a close...but what a way to do it! My new speed record! 143 km/h! I only wish I could drive this fast!",
            "time": "Fri Feb 27 04:37:17 +0000 2009"
        },
        {
            "id": "1235486935",
            "text": "http://tinyurl.com/cqe4y3+lugers+dominate+whistler",
            "time": "Sat Feb 21 22:43:52 +0000 2009"
        },
        {
            "id": "1208604639",
            "text": "Vip seating, where have you been all my life?",
            "time": "Sat Feb 14 02:00:24 +0000 2009"
        },
        {
            "id": "1207288026",
            "text": "Why does it seem like in Canada the doping controls are looking for people to screw up. In other countries they are just trying to cover up!",
            "time": "Fri Feb 13 18:28:17 +0000 2009"
        },
        {
            "id": "1205594459",
            "text": "Just finished the Nations cup race. And we won! Finally a semi clean run...still have room to speed up. Challenge cup here we come!",
            "time": "Fri Feb 13 06:54:12 +0000 2009"
        },
        {
            "id": "1197192361",
            "text": "Just bought my first set of Cowboy boots! You would have thought a native Calgarian would have had some before now...not me",
            "time": "Tue Feb 10 22:57:39 +0000 2009"
        },
        {
            "id": "1194429438",
            "text": "I think I am ready to get to bed. 4 hours of sleep isn't enough!",
            "time": "Tue Feb 10 04:28:13 +0000 2009"
        },
        {
            "id": "1189914207",
            "text": "Back at the hotel reflecting on todays race or I guess the race that never was.",
            "time": "Sun Feb 08 22:12:09 +0000 2009"
        },
        {
            "id": "1187753881",
            "text": "I am sitting in my room procrastinating...why don't steels do them selves?",
            "time": "Sun Feb 08 01:15:24 +0000 2009"
        },
        {
            "id": "1187291801",
            "text": "Sitting in my hotel room trying to warm up after watching the luge World Championships Men's race.",
            "time": "Sat Feb 07 21:34:34 +0000 2009"
        }
    ]
}