{
    "user_id": "149198901",
    "gender": "male",
    "age": 58,
    "age_range": "55-64",
    "year_of_birth": 1960,
    "english": "non-native",
    "handle": "duttsanjay",
    "tweets": [
        {
            "id": "1102445667190894592",
            "text": "May our soul be enlightened by the blessings of Shiv ji\u00a0to fight the evil and stand for peace &amp; prosperity! Happy #MahaShivratri to everyone \u2728 #HarHarMahadev https://t.co/t37yv1xlSY",
            "time": "Mon Mar 04 05:48:24 +0000 2019"
        },
        {
            "id": "1100279620056813568",
            "text": "Salute to the #IndianAirForce for their indomitable spirit in keeping our country safe! Let us all pray for their safety. Jai Hind \ud83c\uddee\ud83c\uddf3",
            "time": "Tue Feb 26 06:21:18 +0000 2019"
        },
        {
            "id": "1098558604292935680",
            "text": "Thank you for your cinematic brilliance #RajKumarBarjatya ji. May the almighty give you eternal rest and the strength to your family to bear this great loss. RIP",
            "time": "Thu Feb 21 12:22:36 +0000 2019"
        },
        {
            "id": "1098557205807157253",
            "text": "Along with me, 1 crore students have taken the pledge across 12k colleges for #DrugFreeIndia. Join us on this mission! To support, call 022 28444808 or log on to https://t.co/posFEIqLMH\ud83d\ude4f Together lets change lives!\n@SriSri @KapilSharmaK9 @Its_Badshah @MahaveerJainMum @gurdasmaan https://t.co/IQX1Gf9TQ6",
            "time": "Thu Feb 21 12:17:02 +0000 2019"
        },
        {
            "id": "1096085579857444864",
            "text": "Extremely sad to hear about the Pulwama incident. My prayers &amp; heartfelt condolences to the martyred jawans &amp; their families.",
            "time": "Thu Feb 14 16:35:41 +0000 2019"
        },
        {
            "id": "1095585571953491968",
            "text": "Your support for this cause means a lot Hon. PM @narendramodi ji. I joined the movement with @SriSri guruji as a step towards building a #DrugFreeIndia. Hopefully, we'll be able to bring a real change in our society! Looking forward to your continuous support. \n@MahaveerJainMum https://t.co/8QVCWhSc34",
            "time": "Wed Feb 13 07:28:50 +0000 2019"
        },
        {
            "id": "1095576069451771905",
            "text": "There's more to life than just losing yourself to drugs! Being a victim of the life-threatening effects of it, I'm glad to start a movement which will change our youth's perception towards such substances. Join us on 18th Feb. \ud83d\ude4f\n#DrugFreeIndia https://t.co/Vn74GUCwIP",
            "time": "Wed Feb 13 06:51:04 +0000 2019"
        },
        {
            "id": "1095262074026881024",
            "text": "I'm delighted that we have been able to put together this movement! Thank you guruji for helping me realize my dream to build a #DrugFreeIndia, one step at a time \ud83c\uddee\ud83c\uddf3\ud83d\ude4f\ud83c\udffc \n\nSee you guys on 18th Feb. at Chandigarh University. https://t.co/asGIle0JSK",
            "time": "Tue Feb 12 10:03:22 +0000 2019"
        },
        {
            "id": "1094854557857996806",
            "text": "I can't thank God enough for blessing me with a beautiful woman like you, who I have the privilege of calling my wife! Happy anniversary @maanayata_dutt \u2764 Here's to sharing a lifetime of love &amp; laughter, together!\ud83e\udd42 #11YearsOfTogetherness https://t.co/b3zSN7w5XU",
            "time": "Mon Feb 11 07:04:02 +0000 2019"
        },
        {
            "id": "1094534774884986880",
            "text": "I always wanted to do something to uproot drug addiction from India. The #DrugFreeIndia campaign is a step towards that! Because of my personal experiences, it's a cause very close to my heart &amp; I want to help the youth of our country. Thank you @SriSri guruji for your support \ud83d\ude4f https://t.co/xeTeNOkyDq",
            "time": "Sun Feb 10 09:53:20 +0000 2019"
        },
        {
            "id": "1092341989469765632",
            "text": "Having lost my mother &amp; Richa to cancer, my heart goes out to everyone battling this grave disease. More power &amp; strength to you all. Today on #WorldCancerDay let's pledge our support in making this world cancer free!",
            "time": "Mon Feb 04 08:39:59 +0000 2019"
        },
        {
            "id": "1091264721028874240",
            "text": "Thank you @ashokgehlot51 ji for your warm welcome &amp; making me feel at home. It was wonderful meeting you Sir! https://t.co/dbe9uSaL4n",
            "time": "Fri Feb 01 09:19:18 +0000 2019"
        },
        {
            "id": "1090503955208126465",
            "text": "Homage to the epitome of peace, sacrifice and non-violence. Remembering our dear Bapu - #MahatmaGandhi on #MartyrsDay.",
            "time": "Wed Jan 30 06:56:18 +0000 2019"
        },
        {
            "id": "1089031276030382080",
            "text": "Looking at our national flag fly high fills my heart with pride! This Republic Day let's pledge to do our bit to make India a country which the world looks up to. Jai Hind \ud83c\uddee\ud83c\uddf3 \n#HappyRepublicDay https://t.co/UMosYy0Hum",
            "time": "Sat Jan 26 05:24:24 +0000 2019"
        },
        {
            "id": "1085099974948474880",
            "text": "Playing a soldier is tough and being one is even tougher! \u200bOn this #ArmyDay, my tribute to the Indian Army jawans for their selfless sacrifice &amp; service. I salute you all with respect &amp; gratitude \ud83d\ude4f\ud83c\udffc #JaiHind \ud83c\uddee\ud83c\uddf3 https://t.co/t74L4Nd9YV",
            "time": "Tue Jan 15 09:02:48 +0000 2019"
        },
        {
            "id": "1084731288995663872",
            "text": "To the fearless warriors and brave soldiers who never backed down! My utmost respect to all the courageous souls of the #ThirdBattleOfPanipat on this battle anniversary.",
            "time": "Mon Jan 14 08:37:47 +0000 2019"
        },
        {
            "id": "1080026778033283073",
            "text": "Happy New Year wishes to you all. God bless!\n#HappyNewYear2019 https://t.co/QYlha2rk3F",
            "time": "Tue Jan 01 09:03:44 +0000 2019"
        },
        {
            "id": "1075334835131043840",
            "text": "My best wishes to the #Amavas team! @patelbhush @sachiinjoshi @NargisFakhri @kingaliasgar @navneetdhillon @VivanBhathena #MonaSingh\n\nCheck out the #AmavasTrailer - https://t.co/MyAryd12KV",
            "time": "Wed Dec 19 10:19:38 +0000 2018"
        },
        {
            "id": "1075277061793726464",
            "text": "#15YearsOfMunnaBhai brings back so many memories! Thank you everyone, for loving the film so much. Big jadoo ki jhappi to you all! \ud83d\ude4f\ud83c\udffc\u2764 https://t.co/GSII7dNIju",
            "time": "Wed Dec 19 06:30:03 +0000 2018"
        },
        {
            "id": "1068427448126226432",
            "text": "Best wishes to the entire team of #Panipat! I'll join you guys soon.\n\n@agpplofficial @AshGowariker #SunitaGowariker @visionworldfilm @RohitShelatkar @arjunk26 @kritisanon #PanipatShootBeginsToday https://t.co/0KJhp8iEca",
            "time": "Fri Nov 30 08:52:08 +0000 2018"
        },
        {
            "id": "1060077872423915520",
            "text": "#HappyDiwali \ud83d\udc9b\u2728 https://t.co/UuBPxM37lF",
            "time": "Wed Nov 07 07:53:54 +0000 2018"
        },
        {
            "id": "1057143361176563712",
            "text": "@sandy_bhargava @abhijitchawathe @nattychops @tejasdeoskar @ashoksubhedar @subhedar_aarti",
            "time": "Tue Oct 30 05:33:12 +0000 2018"
        },
        {
            "id": "1057143356818644992",
            "text": "Ecstatic to announce @SanjayDuttsProd's 1st venture into Marathi films alongside @bluemustangcs, yet untitled. Directed by @rajguptalovesu, starring the talented @DeepakDobriyal #NanditaDhuri #AbhijeetKhandkekar @spruhavarad #ChittaranjanGiri &amp; #AryanMenghji\n\n@maanayata_dutt https://t.co/bCyFxE4dR6",
            "time": "Tue Oct 30 05:33:11 +0000 2018"
        },
        {
            "id": "1054422819893727240",
            "text": "May God bless you two with a lifetime of love and happiness! Happy Birthday my babies. https://t.co/gKAAfYW3RL",
            "time": "Mon Oct 22 17:22:45 +0000 2018"
        },
        {
            "id": "1053622635190398976",
            "text": "Immensely saddened by the horrid incident in Amritsar. My prayers and deepest condolences to all the affected families!",
            "time": "Sat Oct 20 12:23:06 +0000 2018"
        },
        {
            "id": "1047129172261462016",
            "text": "\"Live as if you were to die tomorrow, learn as if you were to live forever\" - Mahatma Gandhi\n#GandhiJayanti",
            "time": "Tue Oct 02 14:20:24 +0000 2018"
        },
        {
            "id": "1046687944629735424",
            "text": "Heartbroken to hear about Krishna aunty's demise. She was one of the sweetest women I had the pleasure of knowing. I have such wonderful memories of spending quality time with her! My heartfelt condolences to the Kapoor family. May she rest in peace.",
            "time": "Mon Oct 01 09:07:07 +0000 2018"
        },
        {
            "id": "1045314390411493376",
            "text": "See you soon, Ahmedabad! Get your tickets here - https://t.co/SMlqqIq1pi \n@gypsyevents https://t.co/Bk4w48rVdM",
            "time": "Thu Sep 27 14:09:06 +0000 2018"
        },
        {
            "id": "1042621677748797446",
            "text": "Thank you for giving me #Sadak bhatt saab. Wish you a very Happy Birthday. I love you!\nProud to take this journey with you again @MaheshNBhatt &amp; @PoojaB1972. #Sadak2 on 25th March 2020. Looking forward to working with @aliaa08 &amp; #AdityaRoyKapoor.\n\n#MukeshBhatt @VisheshFilms https://t.co/BaI6a4yUTO",
            "time": "Thu Sep 20 03:49:13 +0000 2018"
        },
        {
            "id": "1040255753926455296",
            "text": "From my family to yours! Wishing you all a blessed &amp; joyful Ganesh Chaturthi. #GanpatiBappaMorya https://t.co/PTLOaJ1u4l",
            "time": "Thu Sep 13 15:07:53 +0000 2018"
        },
        {
            "id": "1031961866971504640",
            "text": "Congratulating @Phogat_Vinesh, #SaurabhChaudhary, #AbhishekVerma and all the winners at #AsianGames2018 for their brilliant performance. Thank you for making our country proud. Hats off to your hard work &amp; determination!",
            "time": "Tue Aug 21 17:50:56 +0000 2018"
        },
        {
            "id": "1030074581355307011",
            "text": "Indeed a big loss for our country as we pay our last tribute to #AtalBihariVajpayee ji. He was a close family friend and his legacy will forever be remembered. Thank you for your selfless service, sir! My heartfelt condolence to everyone.",
            "time": "Thu Aug 16 12:51:32 +0000 2018"
        },
        {
            "id": "1029602544383811584",
            "text": "As the tricolor flies high this Independence Day, may we never fail to prove that we are worthy of this great nation! #JaiHind\n#HappyIndependenceDay2018 https://t.co/DqxkoaQ3Uu",
            "time": "Wed Aug 15 05:35:50 +0000 2018"
        },
        {
            "id": "1028927799036243968",
            "text": "Forever grateful \ud83d\ude4f https://t.co/f9tCrNgoGH",
            "time": "Mon Aug 13 08:54:38 +0000 2018"
        },
        {
            "id": "1022743441376198656",
            "text": "Ek khatarnak khel shuru hoga ab! @SBG3Film is in cinemas now. \nBook your tickets on @Bookmyshow - https://t.co/2nAeQgSYHq\n\n@jimmysheirgill @IChitrangda #MahieGill @sakpataudi @saregamaglobal \nProduced by @rahulmittra13, Directed by @dirtigmanshu &amp; Presented by @RajuChadhaWave https://t.co/BztCIWoTQG",
            "time": "Fri Jul 27 07:20:12 +0000 2018"
        },
        {
            "id": "1017738428048429056",
            "text": "Baba ka josh ab udayega sabke hosh... \nCheckout the #BabaThemeSong from #SBG3 - https://t.co/7sdkWoM2D8\n\n@SBG3Film @jimmysheirgill @IChitrangda #MahieGill @sakpataudi @saregamaglobal\n\nProduced by @rahulmittra13, Directed by @dirtigmanshu and Presented by @rajuchadhawave https://t.co/HhfT56VwAU",
            "time": "Fri Jul 13 11:52:04 +0000 2018"
        },
        {
            "id": "1016700447623610374",
            "text": "Khel me sab shamil hain, hoga ab khoob dhamaka!\ud83d\udca5\n10 million views and counting for the #SBG3Trailer\n\n@SBG3Film @jimmysheirgill @IChitrangda #MahieGill @sakpataudi @saregamaglobal \n\nProduced by @rahulmittra13, Directed by @dirtigmanshu and Presented by @RajuChadhaWave https://t.co/XWIGW7em4c",
            "time": "Tue Jul 10 15:07:30 +0000 2018"
        },
        {
            "id": "1016556287893671936",
            "text": "Haq doge toh Ramayan shuru hogi, chhinoge toh Mahabharat! Presenting the official poster of #Prassthanam\n\n@PrassthanamFilm @SanjayDuttsProd @devakatta @mkoirala @bindasbhidu @ChunkyThePanday @AmyraDastur93 @alifazal9 #MaanayataDutt @Sandy_Bhargava @satyajeet_dubey https://t.co/ByTnphusHp",
            "time": "Tue Jul 10 05:34:40 +0000 2018"
        },
        {
            "id": "1016268078894764033",
            "text": "Chahe din me ho ya raat, ye Gangster lagayega sabki waat! #SBG3\n\n\u200b@jimmysheirgill #MahieGill \u200b@SBG3Film @IChitrangda @sakpataudi \u200b @saregamaglobal \n\nProduced by @rahulmittra13 Directed by @dirtigmanshu Presented by @RajuChadhaWave https://t.co/rsosK32uKu",
            "time": "Mon Jul 09 10:29:26 +0000 2018"
        },
        {
            "id": "1015941147624124417",
            "text": "You are the pillar of my strength. Thank you for being there, then and now. Welcome to the world of social media buddy! Love you lots. https://t.co/APgxFUbJIv",
            "time": "Sun Jul 08 12:50:19 +0000 2018"
        },
        {
            "id": "1015109532115177472",
            "text": "Iss bar khel mein hai aur zyada khatra aur dhoom! Pesh hai ek aur #SBG3Poster\u200b. Coming to cinemas on July 27. \n\n\u200b@JimmySheirgill \u200b@SBG3Film #MahieGill @IChitrangda @sakpataudi\n\nProduced by @rahulmittra13, Directed by @dirtigmanshu and Presented by @rajuchadhawave https://t.co/6zOuGdRLQ3",
            "time": "Fri Jul 06 05:45:46 +0000 2018"
        },
        {
            "id": "1012984015161307136",
            "text": "Khel me hoga ab 3 guna zyada khatra! Here's the #SBG3Trailer.\nWatch it NOW - https://t.co/iRzXdadVUJ\n\n@jimmysheirgill @IChitrangda #MahieGill @sakpataudi @saregamaglobal @rahulmittra13 @dirtigmanshu @rajuchadhawave @SBG3Film",
            "time": "Sat Jun 30 08:59:44 +0000 2018"
        },
        {
            "id": "1012680331990740992",
            "text": "Khel ab hoga teen guna teekha! #SBG3MotionPoster. Watch the trailer coming out tomorrow.\n\n@jimmysheirgill #MahieGill @IChitrangda @sakpataudi @SBG3Film\nProduced by @rahulmittra13, Directed by @dirtigmanshu and Presented by @rajuchadhawave. https://t.co/qNV5GE4QB6",
            "time": "Fri Jun 29 12:53:00 +0000 2018"
        },
        {
            "id": "1012343508320096256",
            "text": "Dangerous is an understatement! Stay tuned for #SBG3Trailer to find out. Releasing on 30th June.\n\n@jimmysheirgill #MahieGill @IChitrangda @sakpataudi @SBG3Film \nProduced by @rahulmittra13, Directed by @dirtigmanshu and Presented by @rajuchadhawave https://t.co/rCb8UeLeJD",
            "time": "Thu Jun 28 14:34:35 +0000 2018"
        },
        {
            "id": "1011849014667382784",
            "text": "Meet the new gangster of #SahebBiwiAurGangster3 \n\n@jimmysheirgill #MahieGill @IChitrangda @sakpataudi @SBG3Film\nProduced by @rahulmittra13, Directed by @dirtigmanshu and Presented by @rajuchadhawave\u200b. https://t.co/2u1EkqlU5Z",
            "time": "Wed Jun 27 05:49:38 +0000 2018"
        },
        {
            "id": "1011552264954183680",
            "text": "Jee Haan Main Hun Khalnayak... Ab Ban Gaya Hun Gangster! #SahebBiwiAurGangster3 #SBG3MotionPoster @jimmysheirgill #MahieGill @IChitrangda \n\nProduced by @rahulmittra13, Directed by @dirtigmanshu &amp; Presented by @rajuchadhawave https://t.co/g5zFoQq5tP",
            "time": "Tue Jun 26 10:10:28 +0000 2018"
        },
        {
            "id": "1007816223596449792",
            "text": "On this auspicious day I wish peace, love and prosperity for everyone.\n#EidMubarak",
            "time": "Sat Jun 16 02:44:46 +0000 2018"
        },
        {
            "id": "1005376698928361473",
            "text": "Thank you @myogiadityanath ji for making me a part of #SamparkforSamarthan initiative. It's indeed an honor! https://t.co/TjsXqiHTTH",
            "time": "Sat Jun 09 09:10:58 +0000 2018"
        },
        {
            "id": "1003892883596820480",
            "text": "The Earth doesn't belong to us, we belong to the Earth! \nLet's always remember that in all our actions. \n#BeatPlasticPollution #WorldEnviromentDay",
            "time": "Tue Jun 05 06:54:49 +0000 2018"
        },
        {
            "id": "1002449352718209025",
            "text": "The first day, first shot of @prasthaanamfilm.\nEven now, I feel excited about such new beginnings. All the best, team\ud83d\udc4d\n\n@SanjayDuttsProd @mkoirala @bindasbhidu @ChunkyThePanday @AmyraDastur93 @alifazal9 #MaanayataDutt @Sandy_Bhargava @satyajeet_dubey @devakatta https://t.co/zLQwMjOQf3",
            "time": "Fri Jun 01 07:18:44 +0000 2018"
        },
        {
            "id": "1002116726346018816",
            "text": "Thank you #Kyrgyzstan. Last 30 days with the #Torbaaz team were challenging, yet a lot of fun. https://t.co/VYK8W3xV9A",
            "time": "Thu May 31 09:17:00 +0000 2018"
        },
        {
            "id": "997031491564720128",
            "text": "May love, prosperity &amp; peace prevail always! Ramadan Mubarak to everyone, all over the world.  \n#Ramadan #RamadanKareem https://t.co/HTqRX301vi",
            "time": "Thu May 17 08:30:06 +0000 2018"
        },
        {
            "id": "994547268413001728",
            "text": "Looking forward to this one https://t.co/reimPoncKd",
            "time": "Thu May 10 11:58:41 +0000 2018"
        },
        {
            "id": "993741703826853888",
            "text": "A film which gave me a real sense of being an actor is #Rocky. Today marks 37 years of it and when I look back, my heart fills with gratitude for all the love and appreciation I have received over the years \ud83d\ude4f https://t.co/mGVx5jZ2ns",
            "time": "Tue May 08 06:37:39 +0000 2018"
        },
        {
            "id": "990487849966415872",
            "text": "Pleased to have spent some quality time with the Minister of Dubai Health Authority, Honorable His Excellency Humaid Al Qutami and Dr. Thumbay Moideen, Chairman of Thumbay Group and Gulf Medical College at the Dubai Health Awards '18 https://t.co/ShF3A9LmE8",
            "time": "Sun Apr 29 07:08:00 +0000 2018"
        },
        {
            "id": "986434198377381888",
            "text": "#KALANK, an epic drama directed by @abhivarman - Releasing April 19th, 2019.\n\n@MadhuriDixit @sonakshisinha @aliaa08 @Varun_dvn #AdityaRoyKapur @karanjohar #SajidNadiadwala @apoorvamehta18 @DharmaMovies @foxstarhindi @NGEMovies https://t.co/iq2Ehe9X2L",
            "time": "Wed Apr 18 02:40:14 +0000 2018"
        },
        {
            "id": "984708743802875905",
            "text": "I salute the martyrs of the #JallianwalaBagh tragedy. I always feel indebted to such selfless sacrifice by countless people who contributed towards making our country, what it is today! \ud83c\uddee\ud83c\uddf3",
            "time": "Fri Apr 13 08:23:54 +0000 2018"
        },
        {
            "id": "984425627016159235",
            "text": "We have failed as a society! Being a father, I am shaken and filled with anger reading about what happened to a 8 year old kid. My heart goes out to Asifa's family. I refuse to accept we really let THIS happen. Justice has to be served NOW. #JusticeforAsifa",
            "time": "Thu Apr 12 13:38:53 +0000 2018"
        },
        {
            "id": "981797303605395456",
            "text": "Time lapse! Seems like nothing has changed about me... or may be around me. \n#ThrowbackThursday #ThenAndNow https://t.co/AW2NI90BM2",
            "time": "Thu Apr 05 07:34:52 +0000 2018"
        },
        {
            "id": "977080272318541824",
            "text": "''They may kill me, but they cannot kill my ideas. They can crush my body, but they will not be able to crush my spirit.'' - A salute to the heroes #BhagatSingh, #Sukhdev and #Rajguru for showing us the true meaning of love, sacrifice and valor!",
            "time": "Fri Mar 23 07:11:04 +0000 2018"
        },
        {
            "id": "976128955953631232",
            "text": "I hope better sense will prevail and there will be no further excerpts that will hurt me or my family. My official autobiography will be out soon which will be authentic and based on facts. https://t.co/iOiazTRc6n",
            "time": "Tue Mar 20 16:10:53 +0000 2018"
        },
        {
            "id": "973800640248983559",
            "text": "Looking forward to be a part of this one #Panipat\n\n@agpplofficial #sunitagowariker @AshGowariker @visionworldfilm #rohitshelatkar @arjunk26 @kritisanon \n#PanipatTeaserPoster https://t.co/xTyb1AMaaD",
            "time": "Wed Mar 14 05:58:59 +0000 2018"
        },
        {
            "id": "971724665138962432",
            "text": "A day isn't enough to celebrate the strength &amp; warmth of womanhood. Let every day be #WomensDay",
            "time": "Thu Mar 08 12:29:48 +0000 2018"
        },
        {
            "id": "969454138491748353",
            "text": "Wishing you all a Holi filled with joy &amp; prosperity! May the divine power help us fight the evil in our lives. #HappyHoli",
            "time": "Fri Mar 02 06:07:32 +0000 2018"
        },
        {
            "id": "967634480675487744",
            "text": "Extremely saddened to hear that Sridevi is no more with us. My prayers are with the family.",
            "time": "Sun Feb 25 05:36:52 +0000 2018"
        },
        {
            "id": "964483831808970755",
            "text": "Working with @SrBachchan sir is always a treat!\n#11YearsOfEklavya  #VidhuVinodChopra https://t.co/EQmNpLH94g",
            "time": "Fri Feb 16 12:57:19 +0000 2018"
        },
        {
            "id": "963664530520903680",
            "text": "#SahebBiwiAurGangster3 to hit the screens on 27th July, 2018. Mark the date!\nProduced by @rahulmittra13, Directed by @dirtigmanshu and Presented by @rajuchadhawave https://t.co/9OvD9QxaLB",
            "time": "Wed Feb 14 06:41:42 +0000 2018"
        },
        {
            "id": "963336896297385984",
            "text": "May the divine power of Shiva be with us all. Wishing you all a blessed #MahaShivaratri! Har Har Mahadev.",
            "time": "Tue Feb 13 08:59:48 +0000 2018"
        },
        {
            "id": "958316989012893696",
            "text": "Bole toh... Bande mai tha dum.. Vande Mataram! Remembering our very own Father of the Nation on Martyr's Day. His thoughts and ideologies will stay with us forever. #MahatmaGandhi",
            "time": "Tue Jan 30 12:32:29 +0000 2018"
        },
        {
            "id": "956794796869332993",
            "text": "With pride in my heart, I wish everyone a #HappyRepublicDay! Jai Hind \ud83d\ude4f\ud83c\udffb",
            "time": "Fri Jan 26 07:43:50 +0000 2018"
        },
        {
            "id": "956515336622354437",
            "text": "Your modesty and love inspire me. Always a fan-boy moment meeting you sir @SrBachchan https://t.co/kL8kxwcF6k",
            "time": "Thu Jan 25 13:13:22 +0000 2018"
        },
        {
            "id": "954383839312330753",
            "text": "This was so much fun @DabbooRatnani @ManishaDRatnani #DabbooRatnaniCalendar #DabbooRatnani https://t.co/iofJhbT6zv",
            "time": "Fri Jan 19 16:03:33 +0000 2018"
        },
        {
            "id": "952891555421020160",
            "text": "On the 70th #ArmyDay, I take pride in saluting the soldiers and martyrs of the Indian Army, who sacrifice their lives, show dedication and valour to serve this country.",
            "time": "Mon Jan 15 13:13:45 +0000 2018"
        },
        {
            "id": "947093894776475648",
            "text": "Never stop believing, be #HopefulFor what the future holds! https://t.co/bznqLyZmY9",
            "time": "Sat Dec 30 13:15:55 +0000 2017"
        },
        {
            "id": "944226751340621826",
            "text": "Congratulations @AdhyayanSsuman on your debut song #SaareyanNuChaddeya! All the best for a bright future! \ud83d\udc4d\ud83c\udffb https://t.co/lVMkzrR7VQ",
            "time": "Fri Dec 22 15:22:55 +0000 2017"
        },
        {
            "id": "942330649712529408",
            "text": "New day, new film. #Torbaaz https://t.co/kBieSQJQMx",
            "time": "Sun Dec 17 09:48:29 +0000 2017"
        },
        {
            "id": "940490716886822912",
            "text": "Thank you Bhatt sahab for this one. #Sadak #26Years @MaheshNBhatt @PoojaB1972 https://t.co/KzOB9Ra4T5",
            "time": "Tue Dec 12 07:57:15 +0000 2017"
        },
        {
            "id": "937673740183203841",
            "text": "His contribution to this industry will be remembered. May his soul rest in peace. Shashi Kapoor ji you will be missed always. \ud83d\ude4f\ud83c\udffb",
            "time": "Mon Dec 04 13:23:35 +0000 2017"
        },
        {
            "id": "936133599346094080",
            "text": "They made me what I am today!! Miss you Mom and Dad \u2764 #ThrowbackThursday https://t.co/1ZqjQC0HZ0",
            "time": "Thu Nov 30 07:23:37 +0000 2017"
        },
        {
            "id": "929961530510147584",
            "text": "They are the world to me! Thank you @HTBrunch for this fun shoot with Shahraan and Iqra. https://t.co/aP6Umsy4iG",
            "time": "Mon Nov 13 06:38:01 +0000 2017"
        },
        {
            "id": "918407436603551744",
            "text": "It was a pleasure meeting you Mam. Thanks for taking out time for me from your busy schedule. https://t.co/nSuNQAtsYA",
            "time": "Thu Oct 12 09:26:10 +0000 2017"
        },
        {
            "id": "916975073948512256",
            "text": "The real heroes of our country!!! #IndianArmy #ProudIndian #Bikaner #Shooting #SahebBiwiGangster3 #JaiHind https://t.co/uLtlvNYkAR",
            "time": "Sun Oct 08 10:34:28 +0000 2017"
        },
        {
            "id": "914448487219154945",
            "text": "Reliving my childhood when I used to visit my dad on his outdoor shoots!  #MissingDad #Fatherslove #Mychildren #Childhoodmemories https://t.co/GVOg83z2Eh",
            "time": "Sun Oct 01 11:14:43 +0000 2017"
        },
        {
            "id": "910501295462723584",
            "text": "Thanks a lot Anna!! Looking forward to hear your thoughts on the film. https://t.co/zWxIY7PTjM",
            "time": "Wed Sep 20 13:49:59 +0000 2017"
        },
        {
            "id": "909692328851464193",
            "text": "I love my life the way it is!!! On stands now! #ComingBackToLife #Stardust #Septemberissue #SanjayDutt #Mumbai #Bhoomi https://t.co/uytowH9JNS",
            "time": "Mon Sep 18 08:15:27 +0000 2017"
        },
        {
            "id": "909351846287900672",
            "text": "Wishing Honourable Shri @narendramodi Ji a very Happy Birthday. May god give you more power to take this country ahead. @PMOIndia",
            "time": "Sun Sep 17 09:42:29 +0000 2017"
        },
        {
            "id": "908976310843854848",
            "text": "Bhoomi is on a new mission. Find out in this dialogue promo of @BhoomiTheFilm \nhttps://t.co/JeDz96qmH6\n@OmungKumar #6DaysToBhoomi",
            "time": "Sat Sep 16 08:50:15 +0000 2017"
        },
        {
            "id": "908677221790908416",
            "text": "She is my pride and she will rise. @BhoomiTheFilm releases next Friday: https://t.co/iFznHKTTn6 \n@OmungKumar @aditiraohydari",
            "time": "Fri Sep 15 13:01:46 +0000 2017"
        },
        {
            "id": "908565233525866497",
            "text": "A father's love knows no limits! It's intense and fearless. Presenting the 4th poster from @BhoomiTheFilm.  @OmungKumar @TSeries #1Weektogo https://t.co/h5U0DsMQ3e",
            "time": "Fri Sep 15 05:36:46 +0000 2017"
        },
        {
            "id": "907989543319732224",
            "text": "Thanks @ShekharGupta for having me on the show. It was a pleasure to share my thoughts with you. https://t.co/xuB6qjMV0I",
            "time": "Wed Sep 13 15:29:11 +0000 2017"
        },
        {
            "id": "907903543209754625",
            "text": "A perfect blend of melody &amp; emotions, #KhoDiya from @BhoomiTheFilm out now: https://t.co/XXAvJk6MI0 @TSeries \n@OmungKumar @aditiraohydari https://t.co/EGvQmX04Cd",
            "time": "Wed Sep 13 09:47:27 +0000 2017"
        },
        {
            "id": "907549553221672960",
            "text": "Watch me LIVE on #OffTheCuff, in a stimulating conversation with Shekhar Gupta at 7:30 pm tonight, from ThePrint's Facebook page. https://t.co/3hiXgZs95o",
            "time": "Tue Sep 12 10:20:49 +0000 2017"
        },
        {
            "id": "907289199203766273",
            "text": "It was a pleasure shooting the cover for @entrepreneurind On stands now!! https://t.co/F7HDIaN7Aw",
            "time": "Mon Sep 11 17:06:16 +0000 2017"
        },
        {
            "id": "907117562659577856",
            "text": "Fabulously fierce #Bhoomi, @aditiraohydari in @BhoomiTheFilm Releasing on 22nd Sep. @OmungKumar @TSeries @LegendStudios1 https://t.co/Qe77CEad7o",
            "time": "Mon Sep 11 05:44:15 +0000 2017"
        },
        {
            "id": "902192310426980352",
            "text": "Aala re aala, #LalbaugchaRaja aala! \ud83d\ude07\ud83d\ude4f #FeelingBlessed https://t.co/vtiUmF1KQz",
            "time": "Mon Aug 28 15:33:03 +0000 2017"
        },
        {
            "id": "901376862097731584",
            "text": "Thank you Bappa for all the blessings! Lots of love to everyone from me and my family. Ganpati Bappa Morya \ud83d\ude4f\ud83c\udffb https://t.co/RbcB2R8vSx",
            "time": "Sat Aug 26 09:32:45 +0000 2017"
        },
        {
            "id": "898426893342449664",
            "text": "Thank you @SunnyLeone for doing this for our movie @BhoomiTheFilm! #TrippyTrippy @TSeries @LegendStudios1 https://t.co/grIX2au2Su",
            "time": "Fri Aug 18 06:10:37 +0000 2017"
        },
        {
            "id": "895984049356906496",
            "text": "@Riteishd @aditiraohydari @SharadK7 @OmungKumar Thank you \ud83d\ude4f",
            "time": "Fri Aug 11 12:23:38 +0000 2017"
        },
        {
            "id": "895983977663651841",
            "text": "@TheRajKundra Thank you!",
            "time": "Fri Aug 11 12:23:21 +0000 2017"
        },
        {
            "id": "895983918247063553",
            "text": "@vivek_oberoi @aditiraohydari @OmungKumar @LegendStudios1 @TSeries Thank you :)",
            "time": "Fri Aug 11 12:23:07 +0000 2017"
        },
        {
            "id": "895983710117388288",
            "text": "@karanjohar Thank you \ud83d\ude4f",
            "time": "Fri Aug 11 12:22:17 +0000 2017"
        },
        {
            "id": "895983616122994692",
            "text": "@bunty_walia Thank you so much brother :)",
            "time": "Fri Aug 11 12:21:55 +0000 2017"
        },
        {
            "id": "895200814813384706",
            "text": "He'll always protect her. She is his #Bhoomi. Here's the 2nd poster, trailer out tom!\n@aditiraohydari @OmungKumar @LegendStudios1 @TSeries https://t.co/MsHwkywslW",
            "time": "Wed Aug 09 08:31:20 +0000 2017"
        },
        {
            "id": "892055222465515521",
            "text": "@bomanirani Thank you Boman! Sending some jhappi back \ud83d\ude0a",
            "time": "Mon Jul 31 16:11:53 +0000 2017"
        },
        {
            "id": "892055040743137280",
            "text": "@bindasbhidu Thanks alot Bhidu ;)",
            "time": "Mon Jul 31 16:11:09 +0000 2017"
        },
        {
            "id": "892054881405722624",
            "text": "@SunielVShetty Thank you Anna!",
            "time": "Mon Jul 31 16:10:31 +0000 2017"
        },
        {
            "id": "892054082587938816",
            "text": "@juniorbachchan Thank you AB! Lots of love \ud83d\ude42",
            "time": "Mon Jul 31 16:07:21 +0000 2017"
        },
        {
            "id": "892053609222942720",
            "text": "@Vanita_ok @OmungKumar @BhoomiTheFilm Thank you Vanita. So proud to be associated with #Bhoomi!",
            "time": "Mon Jul 31 16:05:28 +0000 2017"
        },
        {
            "id": "892052587180118021",
            "text": "@OmungKumar @BhoomiTheFilm @LegendStudios1 @TSeries @aditiraohydari @Vanita_ok Omung, thank you for the wishes!",
            "time": "Mon Jul 31 16:01:24 +0000 2017"
        },
        {
            "id": "892052175593123841",
            "text": "@milanluthria Thank you Milan. Love always :)",
            "time": "Mon Jul 31 15:59:46 +0000 2017"
        },
        {
            "id": "892052021498576896",
            "text": "@prakashjha27 Thank you so much :)",
            "time": "Mon Jul 31 15:59:10 +0000 2017"
        },
        {
            "id": "892051583990628352",
            "text": "@PoojaB1972 Thank you so much Pooja! See you soon :)",
            "time": "Mon Jul 31 15:57:25 +0000 2017"
        },
        {
            "id": "892050917687787524",
            "text": "@Riteishd Thanks Ritesh :)",
            "time": "Mon Jul 31 15:54:46 +0000 2017"
        },
        {
            "id": "892050682911522816",
            "text": "@deespeak Thank you Dia :)",
            "time": "Mon Jul 31 15:53:50 +0000 2017"
        },
        {
            "id": "891176242770173952",
            "text": "Here's presenting the first official poster of #Bhoomi! @BhoomiTheFilm @OmungKumar @TSeries @LegendStudios1 @aditiraohydari https://t.co/GndKVEfZ6q",
            "time": "Sat Jul 29 05:59:08 +0000 2017"
        },
        {
            "id": "353810421913890818",
            "text": "Dearest sanju's fans. I want to thank u all for the love and solidarity you all have shown towards sanju. Thank u for standing by him. MD",
            "time": "Sun Jul 07 09:39:12 +0000 2013"
        },
        {
            "id": "314103492040085504",
            "text": "It's late in the night. Have an early morning shoot for policegiri. Good night and big Jaadu ki jhappi to all my lovely fans.",
            "time": "Tue Mar 19 19:58:02 +0000 2013"
        },
        {
            "id": "314103074346119169",
            "text": "@13Vedang @imravid actually true. Just realised its quite late in the night. Thank you my dear friends for all your love and support.",
            "time": "Tue Mar 19 19:56:23 +0000 2013"
        },
        {
            "id": "314102350749003776",
            "text": "@vikrantseth91 I am fine paaji",
            "time": "Tue Mar 19 19:53:30 +0000 2013"
        },
        {
            "id": "314102288396468224",
            "text": "@imBeekay thankyou",
            "time": "Tue Mar 19 19:53:15 +0000 2013"
        },
        {
            "id": "314102131969904640",
            "text": "@CrAzZzYmAhEn big hug",
            "time": "Tue Mar 19 19:52:38 +0000 2013"
        },
        {
            "id": "314101959139414016",
            "text": "@MarwaLoveShahid hello",
            "time": "Tue Mar 19 19:51:57 +0000 2013"
        },
        {
            "id": "314101897470558208",
            "text": "@Rowdy_Nik not lately",
            "time": "Tue Mar 19 19:51:42 +0000 2013"
        },
        {
            "id": "314100893995900928",
            "text": "@jit049 no",
            "time": "Tue Mar 19 19:47:43 +0000 2013"
        },
        {
            "id": "314100620191756288",
            "text": "@imBeekay maanayata_dutt. I am following her",
            "time": "Tue Mar 19 19:46:38 +0000 2013"
        },
        {
            "id": "314100439052345345",
            "text": "@Akkaler I don't have a sweet tooth",
            "time": "Tue Mar 19 19:45:55 +0000 2013"
        },
        {
            "id": "314100192385310720",
            "text": "@HimeshjiFan4Eva thank you",
            "time": "Tue Mar 19 19:44:56 +0000 2013"
        },
        {
            "id": "314100038966079488",
            "text": "@Freakish_Mee I love it",
            "time": "Tue Mar 19 19:44:19 +0000 2013"
        },
        {
            "id": "314099730718285824",
            "text": "@Akki_neeraj hi",
            "time": "Tue Mar 19 19:43:06 +0000 2013"
        },
        {
            "id": "314099661172506624",
            "text": "@hersal_786 superb",
            "time": "Tue Mar 19 19:42:49 +0000 2013"
        },
        {
            "id": "314099602817183744",
            "text": "@RaghavAbhay yes true",
            "time": "Tue Mar 19 19:42:35 +0000 2013"
        },
        {
            "id": "314099445459480577",
            "text": "@RaghavAbhay mom use to call.",
            "time": "Tue Mar 19 19:41:58 +0000 2013"
        },
        {
            "id": "314099334213931009",
            "text": "@Akki_neeraj nahin sone Wala hoon",
            "time": "Tue Mar 19 19:41:31 +0000 2013"
        },
        {
            "id": "314099148389494785",
            "text": "@Akkaler yes my family had a lovely time. They flew down  there for our wedding anniversary",
            "time": "Tue Mar 19 19:40:47 +0000 2013"
        },
        {
            "id": "314098894051102720",
            "text": "@SanjayDuttFC I have few under production",
            "time": "Tue Mar 19 19:39:46 +0000 2013"
        },
        {
            "id": "314098683341860864",
            "text": "@imBeekay Maanayata is on twitter",
            "time": "Tue Mar 19 19:38:56 +0000 2013"
        },
        {
            "id": "314098554689974273",
            "text": "@SrkMerve not at all",
            "time": "Tue Mar 19 19:38:25 +0000 2013"
        },
        {
            "id": "314098472854904833",
            "text": "@_bhads4life I have my fathers eyes",
            "time": "Tue Mar 19 19:38:06 +0000 2013"
        },
        {
            "id": "314098384933900289",
            "text": "@MOHazzaa nope",
            "time": "Tue Mar 19 19:37:45 +0000 2013"
        },
        {
            "id": "314098342915346432",
            "text": "@Freakish_Mee will try",
            "time": "Tue Mar 19 19:37:35 +0000 2013"
        },
        {
            "id": "314098210140479488",
            "text": "@apeejay_159 so jao",
            "time": "Tue Mar 19 19:37:03 +0000 2013"
        },
        {
            "id": "314097992930045952",
            "text": "@SanjayDuttFC @sanjayduttprod I have a great team in sdp",
            "time": "Tue Mar 19 19:36:11 +0000 2013"
        },
        {
            "id": "314097427550453761",
            "text": "@Real_Pandeyji policegiri",
            "time": "Tue Mar 19 19:33:57 +0000 2013"
        },
        {
            "id": "314097207227867137",
            "text": "@Akkaler jhunjhuna is nice and quite little place",
            "time": "Tue Mar 19 19:33:04 +0000 2013"
        },
        {
            "id": "314097047630393345",
            "text": "@Real_Pandeyji I think once in a while is good to chat with people whose love and blessings have kept me surviving on screen",
            "time": "Tue Mar 19 19:32:26 +0000 2013"
        },
        {
            "id": "314096756654751746",
            "text": "@yajuarya all the best",
            "time": "Tue Mar 19 19:31:17 +0000 2013"
        },
        {
            "id": "314096640648687617",
            "text": "@KamaalPal thankyou",
            "time": "Tue Mar 19 19:30:49 +0000 2013"
        },
        {
            "id": "314096495660003328",
            "text": "@SanjayDuttFC it's a fresh starcast with new comers.",
            "time": "Tue Mar 19 19:30:14 +0000 2013"
        },
        {
            "id": "314096299752423424",
            "text": "@Akki_neeraj family photo hai. Nice",
            "time": "Tue Mar 19 19:29:28 +0000 2013"
        },
        {
            "id": "314095759828070400",
            "text": "@SanjayDuttFC hello. Thankyou for running a fan club for me. I am blessed to have fans like you",
            "time": "Tue Mar 19 19:27:19 +0000 2013"
        },
        {
            "id": "314095173124644864",
            "text": "@henne38 thankyou for you pretty smile",
            "time": "Tue Mar 19 19:24:59 +0000 2013"
        },
        {
            "id": "314095045747802112",
            "text": "@13Vedang bohat der se jaaga",
            "time": "Tue Mar 19 19:24:29 +0000 2013"
        },
        {
            "id": "314094879607250944",
            "text": "@TheGhyGuy I would love too",
            "time": "Tue Mar 19 19:23:49 +0000 2013"
        },
        {
            "id": "314094803530964992",
            "text": "@srk_d_superstar dialouge bole toh",
            "time": "Tue Mar 19 19:23:31 +0000 2013"
        },
        {
            "id": "314094631858085888",
            "text": "@hersal_786 Shahraan and Iqra",
            "time": "Tue Mar 19 19:22:50 +0000 2013"
        },
        {
            "id": "314094281088446464",
            "text": "@pinkpariofsrk thank you nabila",
            "time": "Tue Mar 19 19:21:26 +0000 2013"
        },
        {
            "id": "314094120132030464",
            "text": "@Edith2305 thank you",
            "time": "Tue Mar 19 19:20:48 +0000 2013"
        },
        {
            "id": "314094062531649537",
            "text": "@nasir_seth tera hi badhiya hai mere bhai",
            "time": "Tue Mar 19 19:20:34 +0000 2013"
        },
        {
            "id": "314093619533459457",
            "text": "@biswaraj007 watch it when it releases",
            "time": "Tue Mar 19 19:18:49 +0000 2013"
        },
        {
            "id": "314093390985838592",
            "text": "@hersal_786 hmmmmm",
            "time": "Tue Mar 19 19:17:54 +0000 2013"
        },
        {
            "id": "314093174031282176",
            "text": "@13Vedang hacked only for you.",
            "time": "Tue Mar 19 19:17:02 +0000 2013"
        },
        {
            "id": "314092935849320448",
            "text": "@Akki_neeraj media hi bata Degi",
            "time": "Tue Mar 19 19:16:06 +0000 2013"
        },
        {
            "id": "314092722535411714",
            "text": "@LAMIA__SRK today my first tweet was I think to you",
            "time": "Tue Mar 19 19:15:15 +0000 2013"
        },
        {
            "id": "314092578758877184",
            "text": "@RaghavAbhay June 2013",
            "time": "Tue Mar 19 19:14:40 +0000 2013"
        },
        {
            "id": "314092420780417025",
            "text": "@yasmeenhussain7 I have replied to you. I have no reasons to ignore your tweet",
            "time": "Tue Mar 19 19:14:03 +0000 2013"
        },
        {
            "id": "314092170250428416",
            "text": "@Marinka256 with my family",
            "time": "Tue Mar 19 19:13:03 +0000 2013"
        },
        {
            "id": "314091950926090241",
            "text": "@MereBina every character I play whole heartedly",
            "time": "Tue Mar 19 19:12:11 +0000 2013"
        },
        {
            "id": "314091696864497665",
            "text": "@srk_d_superstar le lo",
            "time": "Tue Mar 19 19:11:10 +0000 2013"
        },
        {
            "id": "314091643462639616",
            "text": "@arehabt  kya baat hai",
            "time": "Tue Mar 19 19:10:58 +0000 2013"
        },
        {
            "id": "314091458296700928",
            "text": "@13Vedang no my account is hacked.",
            "time": "Tue Mar 19 19:10:13 +0000 2013"
        },
        {
            "id": "314091267225169920",
            "text": "@yasmeenhussain7 my twins are a daughter and a son",
            "time": "Tue Mar 19 19:09:28 +0000 2013"
        },
        {
            "id": "314090981848936448",
            "text": "@itsmepateriya you don't want me to?",
            "time": "Tue Mar 19 19:08:20 +0000 2013"
        },
        {
            "id": "314090902337511424",
            "text": "@srk_d_superstar good thankyou",
            "time": "Tue Mar 19 19:08:01 +0000 2013"
        },
        {
            "id": "314090593439596545",
            "text": "@Hpaathak de dii",
            "time": "Tue Mar 19 19:06:47 +0000 2013"
        },
        {
            "id": "314090554218663936",
            "text": "@RaghavAbhay where have I gone?",
            "time": "Tue Mar 19 19:06:38 +0000 2013"
        },
        {
            "id": "314090200643014656",
            "text": "@Akkaler Zanjeer my character is sher khan",
            "time": "Tue Mar 19 19:05:14 +0000 2013"
        },
        {
            "id": "314089977682214912",
            "text": "@Akki_neeraj @khiladisahil log pyaar se baba bulate hai koi sadhu sant baba nahin hoon ke mere aashirwad se bina padhe paas hojayega",
            "time": "Tue Mar 19 19:04:20 +0000 2013"
        },
        {
            "id": "314089727328407552",
            "text": "@Akki_neeraj @khiladisahil I think for it he should be studying and not be on twitter.",
            "time": "Tue Mar 19 19:03:21 +0000 2013"
        },
        {
            "id": "314089507752382464",
            "text": "@imBeekay follow the good in me",
            "time": "Tue Mar 19 19:02:28 +0000 2013"
        },
        {
            "id": "314089402701848576",
            "text": "@Kusal_sanjeeva nothing else matters",
            "time": "Tue Mar 19 19:02:03 +0000 2013"
        },
        {
            "id": "314089129551994880",
            "text": "@Akkaler yes for peekay",
            "time": "Tue Mar 19 19:00:58 +0000 2013"
        },
        {
            "id": "314088990527610881",
            "text": "@JuliaSrk Sounds like a question from a child's scrap book",
            "time": "Tue Mar 19 19:00:25 +0000 2013"
        },
        {
            "id": "314088739666288640",
            "text": "@Khiladisahil exam hai toh twitter pai kya karaha hai",
            "time": "Tue Mar 19 18:59:25 +0000 2013"
        },
        {
            "id": "314088454126444546",
            "text": "@splendidakshay tabh bhi 100 plus hi thi",
            "time": "Tue Mar 19 18:58:17 +0000 2013"
        },
        {
            "id": "314088286689820674",
            "text": "@Akkaler policegiri unglee zanjeer",
            "time": "Tue Mar 19 18:57:37 +0000 2013"
        },
        {
            "id": "314088196587782144",
            "text": "@TheAkhileshSoni @lyricistmeenu happy birthday",
            "time": "Tue Mar 19 18:57:16 +0000 2013"
        },
        {
            "id": "314087780466688000",
            "text": "@splendidakshay all I need is your prayers",
            "time": "Tue Mar 19 18:55:36 +0000 2013"
        },
        {
            "id": "314087581996433409",
            "text": "@akshayrenukdas achcha",
            "time": "Tue Mar 19 18:54:49 +0000 2013"
        },
        {
            "id": "314087408629067776",
            "text": "@JuliaSrk I m good thankyou",
            "time": "Tue Mar 19 18:54:08 +0000 2013"
        },
        {
            "id": "314087205368897536",
            "text": "@PritamChamre oh wow congratulations",
            "time": "Tue Mar 19 18:53:19 +0000 2013"
        },
        {
            "id": "314086993011294208",
            "text": "@arehabt circuit meri Biwi nahin hai jo raat ko mera saath hogi",
            "time": "Tue Mar 19 18:52:29 +0000 2013"
        },
        {
            "id": "314086695295385604",
            "text": "@abhiemi0344 hopefully",
            "time": "Tue Mar 19 18:51:18 +0000 2013"
        },
        {
            "id": "314086585471737858",
            "text": "@Imsayian hello",
            "time": "Tue Mar 19 18:50:52 +0000 2013"
        },
        {
            "id": "314086473680965633",
            "text": "@Fariza256 can't be anything but India",
            "time": "Tue Mar 19 18:50:25 +0000 2013"
        },
        {
            "id": "314086286434631680",
            "text": "@splendidakshay hopefully",
            "time": "Tue Mar 19 18:49:40 +0000 2013"
        },
        {
            "id": "314086170831249409",
            "text": "@akshayrenukdas kabhi kabhi toh aata hoon twitter pai yaar.",
            "time": "Tue Mar 19 18:49:13 +0000 2013"
        },
        {
            "id": "314085916081786880",
            "text": "@FaisalMcCullum happy birthday",
            "time": "Tue Mar 19 18:48:12 +0000 2013"
        },
        {
            "id": "314085848746450946",
            "text": "@Fariza256 not one. Many to list",
            "time": "Tue Mar 19 18:47:56 +0000 2013"
        },
        {
            "id": "314085774536609792",
            "text": "@splendidakshay grilled fish",
            "time": "Tue Mar 19 18:47:38 +0000 2013"
        },
        {
            "id": "314085554956431360",
            "text": "@PritamChamre played a real life cops character",
            "time": "Tue Mar 19 18:46:46 +0000 2013"
        },
        {
            "id": "314085338865889280",
            "text": "@TheGhyGuy thankyou",
            "time": "Tue Mar 19 18:45:54 +0000 2013"
        },
        {
            "id": "314085153741889536",
            "text": "@Imsayian I am good",
            "time": "Tue Mar 19 18:45:10 +0000 2013"
        },
        {
            "id": "314085117188530176",
            "text": "@Fariza256 I have friends in Ukraine",
            "time": "Tue Mar 19 18:45:02 +0000 2013"
        },
        {
            "id": "314085032648118273",
            "text": "@Akki_neeraj dad khalnayak and you agneepath. Lage raho",
            "time": "Tue Mar 19 18:44:41 +0000 2013"
        },
        {
            "id": "314084796076785665",
            "text": "@ilovemymadhuri thank you",
            "time": "Tue Mar 19 18:43:45 +0000 2013"
        },
        {
            "id": "314084652329603073",
            "text": "@MereBina he is brilliant . Very good comic timing",
            "time": "Tue Mar 19 18:43:11 +0000 2013"
        },
        {
            "id": "314084448452894720",
            "text": "@Akkaler baba",
            "time": "Tue Mar 19 18:42:22 +0000 2013"
        },
        {
            "id": "314084151429062656",
            "text": "@iamRangil mine too",
            "time": "Tue Mar 19 18:41:11 +0000 2013"
        },
        {
            "id": "314084006406791169",
            "text": "@ajinkyashinde89 than you ajinkya",
            "time": "Tue Mar 19 18:40:37 +0000 2013"
        },
        {
            "id": "314083877876531200",
            "text": "@splendidakshay haan yaad hai",
            "time": "Tue Mar 19 18:40:06 +0000 2013"
        },
        {
            "id": "314083607671087104",
            "text": "@AyeshaaaM nope",
            "time": "Tue Mar 19 18:39:02 +0000 2013"
        },
        {
            "id": "314083549781307392",
            "text": "@srk_FatimaZohra not lately any plans",
            "time": "Tue Mar 19 18:38:48 +0000 2013"
        },
        {
            "id": "314083428356194305",
            "text": "@Akki_neeraj kya karo be body banake",
            "time": "Tue Mar 19 18:38:19 +0000 2013"
        },
        {
            "id": "314083329320312832",
            "text": "@MereBina thankyou",
            "time": "Tue Mar 19 18:37:55 +0000 2013"
        },
        {
            "id": "314083270809772032",
            "text": "@MereBina @emraanhashmi",
            "time": "Tue Mar 19 18:37:41 +0000 2013"
        },
        {
            "id": "314083106179133443",
            "text": "@AyeshaaaM policegiri unglee and zanjeer",
            "time": "Tue Mar 19 18:37:02 +0000 2013"
        },
        {
            "id": "314082979171405824",
            "text": "@AyeshaaaM thank you ayesha",
            "time": "Tue Mar 19 18:36:32 +0000 2013"
        },
        {
            "id": "314082864759189505",
            "text": "@TheAkhileshSoni de dii",
            "time": "Tue Mar 19 18:36:04 +0000 2013"
        },
        {
            "id": "314082787181346816",
            "text": "@PritamChamre vaastav",
            "time": "Tue Mar 19 18:35:46 +0000 2013"
        },
        {
            "id": "314082712577269761",
            "text": "@ImRaviD hello",
            "time": "Tue Mar 19 18:35:28 +0000 2013"
        },
        {
            "id": "314082679865880577",
            "text": "@Akki_neeraj oh really",
            "time": "Tue Mar 19 18:35:20 +0000 2013"
        },
        {
            "id": "314082453629308928",
            "text": "@SarasShashank thank you for your wishes",
            "time": "Tue Mar 19 18:34:26 +0000 2013"
        },
        {
            "id": "314082366115172352",
            "text": "@Akkaler le lo",
            "time": "Tue Mar 19 18:34:06 +0000 2013"
        },
        {
            "id": "314082312558112768",
            "text": "@splendidakshay Himesh is doing the music of policegiri",
            "time": "Tue Mar 19 18:33:53 +0000 2013"
        },
        {
            "id": "314082129904553985",
            "text": "@iamRangil reply maaronga toh zor se lage ga",
            "time": "Tue Mar 19 18:33:09 +0000 2013"
        },
        {
            "id": "314081917559508992",
            "text": "@Akki_neeraj array don't get so excited",
            "time": "Tue Mar 19 18:32:19 +0000 2013"
        },
        {
            "id": "314081659949555712",
            "text": "@Kusal_sanjeeva reply to what kusal",
            "time": "Tue Mar 19 18:31:17 +0000 2013"
        },
        {
            "id": "314081455057809408",
            "text": "@ajinkyashinde89 as of now no project together but I am sure in future there will be some",
            "time": "Tue Mar 19 18:30:28 +0000 2013"
        },
        {
            "id": "314081312086556672",
            "text": "@abhiemi0344 yes he is a wonderful person to work with",
            "time": "Tue Mar 19 18:29:54 +0000 2013"
        },
        {
            "id": "314080897920016384",
            "text": "@PritamChamre thank you Pritam",
            "time": "Tue Mar 19 18:28:16 +0000 2013"
        },
        {
            "id": "314080765388402688",
            "text": "@Akki_neeraj jhakkas reply doon kya",
            "time": "Tue Mar 19 18:27:44 +0000 2013"
        },
        {
            "id": "314080537780305921",
            "text": "@Sun_naaaaaaaa hi anushree",
            "time": "Tue Mar 19 18:26:50 +0000 2013"
        },
        {
            "id": "314080120220573696",
            "text": "@MentalSahilKhan it's a very old movie",
            "time": "Tue Mar 19 18:25:10 +0000 2013"
        },
        {
            "id": "314079612210655232",
            "text": "@PritamChamre reply after good night?",
            "time": "Tue Mar 19 18:23:09 +0000 2013"
        },
        {
            "id": "314078833538134018",
            "text": "@Sun_naaaaaaaa hello",
            "time": "Tue Mar 19 18:20:03 +0000 2013"
        },
        {
            "id": "314078095390937088",
            "text": "@LAMIA__SRK thank you lamia",
            "time": "Tue Mar 19 18:17:07 +0000 2013"
        },
        {
            "id": "314077858723135488",
            "text": "@ajinkyashinde89 thank you",
            "time": "Tue Mar 19 18:16:11 +0000 2013"
        },
        {
            "id": "314077560105484288",
            "text": "@DhavRoy I am good thank you.",
            "time": "Tue Mar 19 18:15:00 +0000 2013"
        },
        {
            "id": "314077352357408768",
            "text": "@modi_amol kya highlight ?",
            "time": "Tue Mar 19 18:14:10 +0000 2013"
        },
        {
            "id": "292016877272715264",
            "text": "Good night my dear fans. It's really late. I dint realise the time. Lots of love and Jaadu ki jhappi to all.",
            "time": "Thu Jan 17 21:13:43 +0000 2013"
        },
        {
            "id": "292016373360648194",
            "text": "@yasminakhter_77 thankyou",
            "time": "Thu Jan 17 21:11:43 +0000 2013"
        },
        {
            "id": "292016175095898113",
            "text": "@dheerajpatni69 padhai karo",
            "time": "Thu Jan 17 21:10:56 +0000 2013"
        },
        {
            "id": "292016097232842752",
            "text": "@rajnish02 yes",
            "time": "Thu Jan 17 21:10:37 +0000 2013"
        },
        {
            "id": "292015752310054913",
            "text": "@BMuliyasiya all are good. Thankyou",
            "time": "Thu Jan 17 21:09:15 +0000 2013"
        },
        {
            "id": "292015607203905536",
            "text": "@Akkiholic tera naam attract karaha hai yaar. Hahahaha",
            "time": "Thu Jan 17 21:08:40 +0000 2013"
        },
        {
            "id": "292015254014160896",
            "text": "@mohitsri18 connect with my production company",
            "time": "Thu Jan 17 21:07:16 +0000 2013"
        },
        {
            "id": "292015075856904192",
            "text": "@DurgaLuvsAkshay have you not seen the film",
            "time": "Thu Jan 17 21:06:34 +0000 2013"
        },
        {
            "id": "292014973838835712",
            "text": "@BMuliyasiya I don't knoe",
            "time": "Thu Jan 17 21:06:09 +0000 2013"
        },
        {
            "id": "292014927214944256",
            "text": "@ISHAAN1008 I am good thankyou",
            "time": "Thu Jan 17 21:05:58 +0000 2013"
        },
        {
            "id": "292014806477721601",
            "text": "@LAMIA__SRK thankyou",
            "time": "Thu Jan 17 21:05:29 +0000 2013"
        },
        {
            "id": "292014736474796032",
            "text": "@DurgaLuvsAkshay have patience. I can't reply 50 messages at one go. I did reply to ure tweet early",
            "time": "Thu Jan 17 21:05:13 +0000 2013"
        },
        {
            "id": "292014299944210434",
            "text": "@BMuliyasiya reply to wat",
            "time": "Thu Jan 17 21:03:29 +0000 2013"
        },
        {
            "id": "292014213596082176",
            "text": "@DurgaLuvsAkshay I like more of rock blues",
            "time": "Thu Jan 17 21:03:08 +0000 2013"
        },
        {
            "id": "292014097879420929",
            "text": "@Akkiholic new year resolution alcohol band Kardi. Shayad that's why neend nahi aaraha hai aur Isiliye your name caught my attention.",
            "time": "Thu Jan 17 21:02:40 +0000 2013"
        },
        {
            "id": "292013623721738241",
            "text": "@ilanasegev34 thankyou",
            "time": "Thu Jan 17 21:00:47 +0000 2013"
        },
        {
            "id": "292013569531330560",
            "text": "@DurgaLuvsAkshay I am not coming to USA any time shortly",
            "time": "Thu Jan 17 21:00:34 +0000 2013"
        },
        {
            "id": "292013419878551552",
            "text": "@rajeev_awesome every Role I put my blood and sweat to it",
            "time": "Thu Jan 17 20:59:59 +0000 2013"
        },
        {
            "id": "292013248801292288",
            "text": "@DabanngBoy haan wife ne bhi bohat daata",
            "time": "Thu Jan 17 20:59:18 +0000 2013"
        },
        {
            "id": "292012964498796544",
            "text": "@gineel then it's bad ethics if you have a client and you still pitching it out to someone else",
            "time": "Thu Jan 17 20:58:10 +0000 2013"
        },
        {
            "id": "292012722219020289",
            "text": "@DurgaLuvsAkshay of course.",
            "time": "Thu Jan 17 20:57:12 +0000 2013"
        },
        {
            "id": "292012481256243200",
            "text": "@wannawrkinmoviz info@sanjayduttproductions.com",
            "time": "Thu Jan 17 20:56:15 +0000 2013"
        },
        {
            "id": "292012290834849792",
            "text": "@gineel I am not interested at least 2.30 in the morning",
            "time": "Thu Jan 17 20:55:30 +0000 2013"
        },
        {
            "id": "292011912600879104",
            "text": "@kaulentia thankyou. Stay blessed with your family as happy as you look in you dp.",
            "time": "Thu Jan 17 20:53:59 +0000 2013"
        },
        {
            "id": "292011685890379778",
            "text": "@Hamza_aKhan good luck tweet chaiye? Twitter pai kya karaha hai, kal exam hai toh",
            "time": "Thu Jan 17 20:53:05 +0000 2013"
        },
        {
            "id": "292011340913078272",
            "text": "@rd270 Saab ki ek saath karta hoon goodnight. Warns band bajayegi ek ek ko goodnight karne mai",
            "time": "Thu Jan 17 20:51:43 +0000 2013"
        },
        {
            "id": "292010920471826432",
            "text": "@akshayifearless what reply are you seeking my brother?",
            "time": "Thu Jan 17 20:50:03 +0000 2013"
        },
        {
            "id": "292010795074732032",
            "text": "@Ingrid_Diwali hi Diwali how are you? Sorry could not meet you this time when you came to india. Maana mentioned to me about your visit",
            "time": "Thu Jan 17 20:49:33 +0000 2013"
        },
        {
            "id": "292010441641693185",
            "text": "@Sarah_Ash89 I will try my best that you always stay proud",
            "time": "Thu Jan 17 20:48:09 +0000 2013"
        },
        {
            "id": "292010252436635652",
            "text": "@BleeedGreeen all good",
            "time": "Thu Jan 17 20:47:24 +0000 2013"
        },
        {
            "id": "292010102511255552",
            "text": "@BMuliyasiya thankyou",
            "time": "Thu Jan 17 20:46:48 +0000 2013"
        },
        {
            "id": "292010060723412992",
            "text": "@Rowdy_Nik reply Kia na",
            "time": "Thu Jan 17 20:46:38 +0000 2013"
        },
        {
            "id": "292009937905786880",
            "text": "@Aryanwaaz thankyou",
            "time": "Thu Jan 17 20:46:09 +0000 2013"
        },
        {
            "id": "292009868192256000",
            "text": "@IMashokak not really bro. Born in mumbai but studied in sanawar. So Marathi is very weak",
            "time": "Thu Jan 17 20:45:52 +0000 2013"
        },
        {
            "id": "292009664063885313",
            "text": "@Special_Niraj yes I partly own that place",
            "time": "Thu Jan 17 20:45:03 +0000 2013"
        },
        {
            "id": "292009507192705024",
            "text": "@Mayurii_Shetty thankyou mayuri",
            "time": "Thu Jan 17 20:44:26 +0000 2013"
        },
        {
            "id": "292009413601021952",
            "text": "@BittuMob hopefully yes",
            "time": "Thu Jan 17 20:44:04 +0000 2013"
        },
        {
            "id": "292009219178242049",
            "text": "@thezaidazad someone else also mentioned. Enjoy",
            "time": "Thu Jan 17 20:43:17 +0000 2013"
        },
        {
            "id": "292009110080192512",
            "text": "@AleyDinesh hello",
            "time": "Thu Jan 17 20:42:51 +0000 2013"
        },
        {
            "id": "292009064190337024",
            "text": "@BeingFarah jeete hain shaan se. Yes",
            "time": "Thu Jan 17 20:42:40 +0000 2013"
        },
        {
            "id": "292008957910859777",
            "text": "@IMashokak twitter pai zyada aata nahin hoon. Aaj aaya to achcha laga. Fans ke saath chat karke",
            "time": "Thu Jan 17 20:42:15 +0000 2013"
        },
        {
            "id": "292008569702866944",
            "text": "@imabhi18 desi boys was guest appearance",
            "time": "Thu Jan 17 20:40:42 +0000 2013"
        },
        {
            "id": "292008329557966848",
            "text": "@akshayifearless lage raho",
            "time": "Thu Jan 17 20:39:45 +0000 2013"
        },
        {
            "id": "292008222338985984",
            "text": "@Special_Niraj thankyou neeraj",
            "time": "Thu Jan 17 20:39:20 +0000 2013"
        },
        {
            "id": "292008157486665729",
            "text": "@yajuarya all is well",
            "time": "Thu Jan 17 20:39:04 +0000 2013"
        },
        {
            "id": "292007807656554496",
            "text": "@akshayifearless what reply do you want",
            "time": "Thu Jan 17 20:37:41 +0000 2013"
        },
        {
            "id": "292007677201100801",
            "text": "@BittuMob aajkal bandh hai. New year resolution hai",
            "time": "Thu Jan 17 20:37:10 +0000 2013"
        },
        {
            "id": "292007495155720193",
            "text": "@rajnish02 hello",
            "time": "Thu Jan 17 20:36:26 +0000 2013"
        },
        {
            "id": "292007399747899392",
            "text": "@gupta310 thankyou",
            "time": "Thu Jan 17 20:36:03 +0000 2013"
        },
        {
            "id": "292007324724375554",
            "text": "@mohitsri18 there's no bound to any genre.",
            "time": "Thu Jan 17 20:35:46 +0000 2013"
        },
        {
            "id": "292007004388614144",
            "text": "@Akkiholic first look main alcoholic hi laga mujhe",
            "time": "Thu Jan 17 20:34:29 +0000 2013"
        },
        {
            "id": "292006654965346304",
            "text": "@eye_m_Himanshu sher toh pinjre main bandh hogaya. Hahahaha. Producer ka kuch problem hogaya hai",
            "time": "Thu Jan 17 20:33:06 +0000 2013"
        },
        {
            "id": "292006295102443520",
            "text": "@akshayifearless apni films ke promotion nahin karaha hoon. Apne fans se chat karaha hoon.",
            "time": "Thu Jan 17 20:31:40 +0000 2013"
        },
        {
            "id": "292006015652732928",
            "text": "@GurmeetSingh42 Japanese",
            "time": "Thu Jan 17 20:30:33 +0000 2013"
        },
        {
            "id": "292005778963984384",
            "text": "@Rowdy_Nik Kem cho Parekh bhai",
            "time": "Thu Jan 17 20:29:37 +0000 2013"
        },
        {
            "id": "292005627130179585",
            "text": "@imabhi18 watch it to know.",
            "time": "Thu Jan 17 20:29:01 +0000 2013"
        },
        {
            "id": "292005451577585664",
            "text": "@Mayank_doc had jelled my hair. I remember",
            "time": "Thu Jan 17 20:28:19 +0000 2013"
        },
        {
            "id": "292005284375851009",
            "text": "@Akkiholic wife says action movies. You want me to do comedy.",
            "time": "Thu Jan 17 20:27:39 +0000 2013"
        },
        {
            "id": "292005118407233536",
            "text": "@IMashokak thankyou",
            "time": "Thu Jan 17 20:27:00 +0000 2013"
        },
        {
            "id": "292004940765859841",
            "text": "@splendidakshay feb main bataunga. I am not producing saami. So when we begin shooting songs would tell you",
            "time": "Thu Jan 17 20:26:17 +0000 2013"
        },
        {
            "id": "292004581129461761",
            "text": "@GurmeetSingh42 saami. It's named policegiri",
            "time": "Thu Jan 17 20:24:51 +0000 2013"
        },
        {
            "id": "292004456541868032",
            "text": "@splendidakshay I did",
            "time": "Thu Jan 17 20:24:22 +0000 2013"
        },
        {
            "id": "292004420793819136",
            "text": "@Special_Niraj I am good neeraj. Thankyou",
            "time": "Thu Jan 17 20:24:13 +0000 2013"
        },
        {
            "id": "292003986624614400",
            "text": "@Special_Niraj what reply do you want?",
            "time": "Thu Jan 17 20:22:30 +0000 2013"
        },
        {
            "id": "292003716486295553",
            "text": "@Akkiholic me and Akshay always converse in punjabi",
            "time": "Thu Jan 17 20:21:25 +0000 2013"
        },
        {
            "id": "292003527872610304",
            "text": "@Akkiholic I look forward for all my movies. I work hard for all of them",
            "time": "Thu Jan 17 20:20:40 +0000 2013"
        },
        {
            "id": "292003346703843328",
            "text": "@shubhansh1504 leave what?",
            "time": "Thu Jan 17 20:19:57 +0000 2013"
        },
        {
            "id": "292002959108231168",
            "text": "@Rowdy_Nik in blue my characters name was sagar and not seth ji.",
            "time": "Thu Jan 17 20:18:25 +0000 2013"
        },
        {
            "id": "292001749064093696",
            "text": "@Akkiholic kya reply karoon. Akkiholic alcoholic sound karat hai",
            "time": "Thu Jan 17 20:13:36 +0000 2013"
        },
        {
            "id": "292001185546780673",
            "text": "@Mayank_doc where are you watching. It's such an old film",
            "time": "Thu Jan 17 20:11:22 +0000 2013"
        },
        {
            "id": "292000667717996546",
            "text": "@splendidakshay we are shooting in chennai action and then Hyderabad. Gaane jab ready honge mid feb tak. Tab bataunga",
            "time": "Thu Jan 17 20:09:18 +0000 2013"
        },
        {
            "id": "292000095791091712",
            "text": "@Akkiholic I did reply",
            "time": "Thu Jan 17 20:07:02 +0000 2013"
        },
        {
            "id": "292000026543149057",
            "text": "@atif_jal khalnayak. One of my favs.",
            "time": "Thu Jan 17 20:06:46 +0000 2013"
        },
        {
            "id": "291999819914940416",
            "text": "@mohitsri18 thankyou mohit",
            "time": "Thu Jan 17 20:05:56 +0000 2013"
        },
        {
            "id": "291999746980196352",
            "text": "@aquib_ak bada main hoon umar main, woh mera Chota Bhai hai.",
            "time": "Thu Jan 17 20:05:39 +0000 2013"
        },
        {
            "id": "291999332889153537",
            "text": "@eye_m_Himanshu thankyou himanshu",
            "time": "Thu Jan 17 20:04:00 +0000 2013"
        },
        {
            "id": "291999065728745473",
            "text": "@Rowdy_Nik I am looking forward for it to release. I have really worked hard for it. Almost 47/48 degrees temperature. Bad heat. Wasn't easy",
            "time": "Thu Jan 17 20:02:57 +0000 2013"
        },
        {
            "id": "291998682616836096",
            "text": "@Akkiholic thankyou",
            "time": "Thu Jan 17 20:01:25 +0000 2013"
        },
        {
            "id": "291998557416878081",
            "text": "@rd270 shethji kya hai?",
            "time": "Thu Jan 17 20:00:55 +0000 2013"
        },
        {
            "id": "291998373429514241",
            "text": "@Rowdy_Nik I did reply to your tweet.",
            "time": "Thu Jan 17 20:00:11 +0000 2013"
        },
        {
            "id": "291998187256963073",
            "text": "@wannawrkinmoviz what story?",
            "time": "Thu Jan 17 19:59:27 +0000 2013"
        },
        {
            "id": "291997696993136640",
            "text": "@hakim_mehmood 4 movies this year",
            "time": "Thu Jan 17 19:57:30 +0000 2013"
        },
        {
            "id": "291997588767518721",
            "text": "@GurmeetSingh42 I rock because of you fans in my life.",
            "time": "Thu Jan 17 19:57:04 +0000 2013"
        },
        {
            "id": "291997203474546689",
            "text": "@Asifkamal5 thankyou Asif mia.",
            "time": "Thu Jan 17 19:55:33 +0000 2013"
        },
        {
            "id": "291997046725017600",
            "text": "@Rowdy_Nik sher is also very good film.",
            "time": "Thu Jan 17 19:54:55 +0000 2013"
        },
        {
            "id": "291996826888966144",
            "text": "@kapil_kumar thanks Khalil for your wishes.",
            "time": "Thu Jan 17 19:54:03 +0000 2013"
        },
        {
            "id": "291996666981122048",
            "text": "@tusartweet4u it has already released years back. Starring Shilpa shetty with me",
            "time": "Thu Jan 17 19:53:25 +0000 2013"
        },
        {
            "id": "291996471228760066",
            "text": "@aquib_ak Salman mera account nahin chalata hai. Usko bolke kya fayda",
            "time": "Thu Jan 17 19:52:38 +0000 2013"
        },
        {
            "id": "291996060002439168",
            "text": "@minabansal90 thankyou mina. Lots of love to you also",
            "time": "Thu Jan 17 19:51:00 +0000 2013"
        },
        {
            "id": "291995886400196608",
            "text": "@Anj0001 thanks anj",
            "time": "Thu Jan 17 19:50:18 +0000 2013"
        },
        {
            "id": "291995750601220096",
            "text": "@GurmeetSingh42 mere big fan ho? Achcha? Hello gurmeet",
            "time": "Thu Jan 17 19:49:46 +0000 2013"
        },
        {
            "id": "291995071560171520",
            "text": "@MOHazzaa thankyou",
            "time": "Thu Jan 17 19:47:04 +0000 2013"
        },
        {
            "id": "291994798443872256",
            "text": "@tusartweet4u sequel of vaastav is already made. It was called hatyaar",
            "time": "Thu Jan 17 19:45:59 +0000 2013"
        },
        {
            "id": "291994411271856128",
            "text": "@nyajkhann thankyou nyaj",
            "time": "Thu Jan 17 19:44:27 +0000 2013"
        },
        {
            "id": "291994208049442817",
            "text": "@AlaaMixed Jaadu ki jhappi  too with the hello",
            "time": "Thu Jan 17 19:43:38 +0000 2013"
        },
        {
            "id": "291101986642878464",
            "text": "Follow @sanjayduttprod for the latest updates from my production banner",
            "time": "Tue Jan 15 08:38:16 +0000 2013"
        },
        {
            "id": "285023705271259138",
            "text": "Stood in front of maata for my morning prayers like every other day but today my head bowed down in shame more than that in faith.",
            "time": "Sat Dec 29 14:05:21 +0000 2012"
        },
        {
            "id": "285020816595361792",
            "text": "Woke up in the morning with this heart breaking news. Anger empathy and awakening, this is what the brave heart girl has left us with.",
            "time": "Sat Dec 29 13:53:52 +0000 2012"
        },
        {
            "id": "268663773605285888",
            "text": "Wishing everyone a very happy Diwali and a prosperous new year. Lots of love and happiness.",
            "time": "Wed Nov 14 10:36:49 +0000 2012"
        },
        {
            "id": "257885826262892544",
            "text": "Check out the new song from SOS  http://t.co/a5r1eO7f",
            "time": "Mon Oct 15 16:49:06 +0000 2012"
        },
        {
            "id": "229490380238909442",
            "text": "To all my followers, fans &amp; friends. Thanks for always supporting me, loving me, remembering my birthday. A part of me belongs to you all.",
            "time": "Sun Jul 29 08:15:45 +0000 2012"
        },
        {
            "id": "227449334696931330",
            "text": "Here is the trailer of son of sardars for all my fans and friends. http://t.co/xdGxqnLy.",
            "time": "Mon Jul 23 17:05:21 +0000 2012"
        },
        {
            "id": "207178401256185858",
            "text": "Check out billoo paaji from son of sardaar http://t.co/7K1GKZU5",
            "time": "Mon May 28 18:35:55 +0000 2012"
        },
        {
            "id": "207176756057210880",
            "text": "The first look of son of sardaar http://t.co/2rJRqixi",
            "time": "Mon May 28 18:29:23 +0000 2012"
        },
        {
            "id": "178932388456431616",
            "text": "@ilanasegev33 happy birthday",
            "time": "Sun Mar 11 19:56:20 +0000 2012"
        },
        {
            "id": "178927882075258880",
            "text": "Thank you for all the support and love. The super fight league event today,couldn't have been better.",
            "time": "Sun Mar 11 19:38:26 +0000 2012"
        },
        {
            "id": "162559032173932544",
            "text": "I am over whelmed with the response and support of everyone. Thank you for loving me so much.",
            "time": "Thu Jan 26 15:34:28 +0000 2012"
        },
        {
            "id": "162260950081216514",
            "text": "Thank you everyone for all the support and wishes for agneepath. Love you all.",
            "time": "Wed Jan 25 19:49:59 +0000 2012"
        },
        {
            "id": "31413678507032576",
            "text": "Can't take my eyes off my little angels..my little princess is the love of my life..my son my rock star. Just can't thank enough to god.",
            "time": "Sat Jan 29 18:09:39 +0000 2011"
        },
        {
            "id": "29697606216",
            "text": "Happy diwali to everyone..lots of love and a big hug",
            "time": "Thu Nov 04 20:15:42 +0000 2010"
        },
        {
            "id": "27466384893",
            "text": "Hope you guys have seen or going to see knock out. Let me know how you all liked it? Much love.",
            "time": "Fri Oct 15 18:17:52 +0000 2010"
        },
        {
            "id": "27371743759",
            "text": "Knock out releases tomorrow. Keeping my fingers crossed.",
            "time": "Thu Oct 14 19:59:30 +0000 2010"
        },
        {
            "id": "26176665307",
            "text": "The Official Facebook Page of KnockOut is at www.Facebook.com/KnockOutFilm Join me there! Catch all latest updates also of the thriller",
            "time": "Sat Oct 02 14:05:54 +0000 2010"
        },
        {
            "id": "26153953689",
            "text": "Welcome amisha patels kid brother @ashmitpatel to twitter world",
            "time": "Sat Oct 02 06:51:18 +0000 2010"
        },
        {
            "id": "25951344184",
            "text": "The Official Facebook Page of KnockOut is at www.Facebook.com/KnockOutFilm Join me there! Catch all latest updates also of the thriller",
            "time": "Thu Sep 30 04:49:22 +0000 2010"
        },
        {
            "id": "25189208350",
            "text": "Mahurat of my new film 'POWER' today. Directed by rajji. Looking forward for the shoot to begin.",
            "time": "Wed Sep 22 06:20:50 +0000 2010"
        },
        {
            "id": "24358354754",
            "text": "Watched dabang yesterday, completely entertaining film. Very happy for salman. Specially for arbaaz and mallaika.",
            "time": "Mon Sep 13 05:44:41 +0000 2010"
        },
        {
            "id": "24169995234",
            "text": "Eid Mubarak and happy Ganesh chaturti to all my friends...enjoy the festive weekend.. Lots of love to everyone.",
            "time": "Sat Sep 11 05:12:39 +0000 2010"
        },
        {
            "id": "23888102243",
            "text": "Shooting away from mumbai. Packing up tomorrow to reach home in time for celebrating Eid with wife..",
            "time": "Wed Sep 08 05:26:29 +0000 2010"
        },
        {
            "id": "22862991636",
            "text": "the shooting of double dhamal begins today. Very hilarious and funny script. I am going to have some crazy time on the sets. Love to all.",
            "time": "Fri Sep 03 05:30:41 +0000 2010"
        },
        {
            "id": "22589049532",
            "text": "Exclusive Promo Knockout: http://www.bollywoodhungama.com/broadband/video/Movie-Promos/60Z9Di74/3/Theatrical-Trailer-Knock-Out.html",
            "time": "Tue Aug 31 04:59:08 +0000 2010"
        },
        {
            "id": "22542717886",
            "text": "Just back from the iftaar party. It was amazing to meet all my film buddies and colleagues. Showed them the first look of knockout.",
            "time": "Mon Aug 30 17:32:55 +0000 2010"
        },
        {
            "id": "22422020392",
            "text": "Its so beautiful to be back home, spending quality time with my wife. Can't wait for the babies to be born. I want the time 2 fly",
            "time": "Sun Aug 29 08:06:19 +0000 2010"
        },
        {
            "id": "21900019038",
            "text": "Wishing my dear friends a very happy Onam. God bless you all...love to all",
            "time": "Mon Aug 23 09:23:55 +0000 2010"
        },
        {
            "id": "20898805250",
            "text": "All great things have been achieved by those who dared to believe that something inside them was superior to circumstance.",
            "time": "Wed Aug 11 16:27:56 +0000 2010"
        },
        {
            "id": "19839632393",
            "text": "Thank you every one for all the wishes and love. Touched by your lovely and wonderful messages.. Love to all.",
            "time": "Thu Jul 29 16:46:44 +0000 2010"
        },
        {
            "id": "19756058681",
            "text": "Another fleeting year just rolls on..all set to step in2 another year of my life. looking 4ward 4 good work, happiness n d 2 little ones.",
            "time": "Wed Jul 28 17:08:29 +0000 2010"
        },
        {
            "id": "19399015805",
            "text": "I hear its pouring non stop in mumbai. Can imagine the traffic jams and flooded roads of mumbai..coming back home, to face the same..",
            "time": "Sat Jul 24 05:28:56 +0000 2010"
        },
        {
            "id": "19278241950",
            "text": "Thankyou for wishing and blessing my wife. Going to sleep, have an early morning tomorrow. Love to all.",
            "time": "Thu Jul 22 19:29:43 +0000 2010"
        },
        {
            "id": "19233881872",
            "text": "First time in last six years, I am not with my wife for her birthday..missing her a lot..god bless her always.",
            "time": "Thu Jul 22 06:16:56 +0000 2010"
        },
        {
            "id": "18666871288",
            "text": "Thank you for all your support and wonderful comments. Hope you all love and enjoy lamhaa. Love you all.",
            "time": "Fri Jul 16 07:04:35 +0000 2010"
        },
        {
            "id": "18509513366",
            "text": "First the premiere of lamha was not allowed in kashmir.. Now the middle east puts a ban on the release of the film in their countries.",
            "time": "Wed Jul 14 10:21:51 +0000 2010"
        },
        {
            "id": "18420207005",
            "text": "After a long time doing a hard hitting realistic film about the ongoing problems, hope people in kashmir get to see it.",
            "time": "Tue Jul 13 07:41:09 +0000 2010"
        },
        {
            "id": "18349595001",
            "text": "Everyone loved the music of lamha, wish the movie is also appreciated by all you guys.. Just 3 days to go...much love to all",
            "time": "Mon Jul 12 12:12:06 +0000 2010"
        },
        {
            "id": "18266754286",
            "text": "Spain all the way.",
            "time": "Sun Jul 11 12:02:45 +0000 2010"
        },
        {
            "id": "18189506967",
            "text": "Its been more than 30 years in the industry, but every time, any of my movie is about to release, I suffer anxiety as a new comer..",
            "time": "Sat Jul 10 10:59:30 +0000 2010"
        },
        {
            "id": "17771821579",
            "text": "true strength is being able to hold it all together when everyone else is expecting you to fall apart.",
            "time": "Mon Jul 05 06:23:19 +0000 2010"
        },
        {
            "id": "17656105876",
            "text": "I think my wife was right. Germany seems to win the game tonight.",
            "time": "Sat Jul 03 15:28:28 +0000 2010"
        },
        {
            "id": "17638684976",
            "text": "Argentina vs germany. One of the most interesting matches of fifa 2010 so far...rooting for argentina.",
            "time": "Sat Jul 03 09:52:36 +0000 2010"
        },
        {
            "id": "17583859897",
            "text": "Unbelievable brazil out...",
            "time": "Fri Jul 02 15:56:52 +0000 2010"
        },
        {
            "id": "17581795782",
            "text": "Can't believe what's happening...no fun if brazil is out.. Go brazil go...",
            "time": "Fri Jul 02 15:34:59 +0000 2010"
        },
        {
            "id": "17550250166",
            "text": "Quarter finals kick starts today. Both interesting matches to watch.. Brazil all the way.",
            "time": "Fri Jul 02 05:43:16 +0000 2010"
        },
        {
            "id": "17359576853",
            "text": "Ronaldo not working going to put the match off good night all, tell me the score tomorrow",
            "time": "Tue Jun 29 20:01:47 +0000 2010"
        },
        {
            "id": "17335416268",
            "text": "Portugal vs spain, will be another interesting match to watch. Rooting for portugal...ronaldo is the player to watch tonight",
            "time": "Tue Jun 29 14:14:17 +0000 2010"
        },
        {
            "id": "17279592969",
            "text": "Great match, I couldn't watch, was on flight, brazil 3 chile 0, watch it on replay, goodnight all",
            "time": "Mon Jun 28 20:59:24 +0000 2010"
        },
        {
            "id": "17026420571",
            "text": "@MaheshNBhatt bhatt saab this is sanju, was thinking of u,wanted ure number. Much love",
            "time": "Fri Jun 25 16:21:52 +0000 2010"
        },
        {
            "id": "17020298492",
            "text": "Watching brazil vs portugal, the referee has gone mad, 7 yellow cards, brazil all the way, u all enjoy",
            "time": "Fri Jun 25 15:00:24 +0000 2010"
        },
        {
            "id": "16963412817",
            "text": "Love u all, goodnight, tomorrow Portugal?s brazil, we have to watch",
            "time": "Thu Jun 24 21:40:42 +0000 2010"
        },
        {
            "id": "16798326491",
            "text": "I said argentina friends, great match, goodnight,messi was marked, but a winner",
            "time": "Tue Jun 22 21:00:52 +0000 2010"
        },
        {
            "id": "16789690844",
            "text": "Watching argentina vs greece, going to be some match, messi rocks, argentina all the way",
            "time": "Tue Jun 22 18:29:43 +0000 2010"
        },
        {
            "id": "16641017312",
            "text": "Brazil all the way, super match, fabiano the man, miss elano, match to watch brazil vs portugal, goodnight friends",
            "time": "Sun Jun 20 20:03:35 +0000 2010"
        },
        {
            "id": "16600806344",
            "text": "Happy fathers day to all, today brazil vs IC, must watch, brazil all the way",
            "time": "Sun Jun 20 07:06:18 +0000 2010"
        },
        {
            "id": "16564642413",
            "text": "What a goal,",
            "time": "Sat Jun 19 18:42:21 +0000 2010"
        },
        {
            "id": "16564566381",
            "text": "Tired today promoting lamhaa, hope u all like it, watching the match, camaroon all the way, goodnight friends",
            "time": "Sat Jun 19 18:41:04 +0000 2010"
        },
        {
            "id": "16493824715",
            "text": "I think england algeria draw",
            "time": "Fri Jun 18 19:47:06 +0000 2010"
        },
        {
            "id": "16490920644",
            "text": "Fiffa is unbelievable, germany lost, now watching england algeria, algeria pressing, what happened to Rooney, lampard,  etc?",
            "time": "Fri Jun 18 18:54:33 +0000 2010"
        },
        {
            "id": "16439607941",
            "text": "@juniorbachchan JR, today is ure day all the best for raavan, hope its a big hit",
            "time": "Fri Jun 18 03:25:28 +0000 2010"
        },
        {
            "id": "16403771090",
            "text": "Watched argentina and korea, great match, Argentina played like a dream,messi is the best",
            "time": "Thu Jun 17 17:14:11 +0000 2010"
        },
        {
            "id": "16245932597",
            "text": "Back home from malaysia. Watchng brazil vs north korea..brazil is the team to watch tonight.",
            "time": "Tue Jun 15 18:49:37 +0000 2010"
        },
        {
            "id": "16149007605",
            "text": "In malaysia with my bro brian, he is super cool, japan vs camaroon must see",
            "time": "Mon Jun 14 13:56:12 +0000 2010"
        },
        {
            "id": "16146830029",
            "text": "Italy vs paraguay tonight. Will be an interesting match to watch.",
            "time": "Mon Jun 14 13:23:41 +0000 2010"
        },
        {
            "id": "16131004377",
            "text": "I am glad that people are liking the music of 'Lamha'. Thank you for the lovely response. A big jaadu ki jhappi to all.",
            "time": "Mon Jun 14 07:36:37 +0000 2010"
        },
        {
            "id": "16069982788",
            "text": "Sunday family time. Chilling at home with wife and friends. Love to all.",
            "time": "Sun Jun 13 13:03:01 +0000 2010"
        },
        {
            "id": "16008038869",
            "text": "Its a dream to see messi play, argentina vs nigeria today.",
            "time": "Sat Jun 12 15:02:39 +0000 2010"
        },
        {
            "id": "15909334385",
            "text": "Good morning friends, going for the music release of lamha today. CD's Will hit the stores tomorrow.",
            "time": "Fri Jun 11 06:16:39 +0000 2010"
        },
        {
            "id": "15865541997",
            "text": "Had dinner with amarsinghji. He flew in from delhi just to wish and bless us and be a part of our happiness.",
            "time": "Thu Jun 10 17:26:44 +0000 2010"
        },
        {
            "id": "15794066482",
            "text": "Can't express my happiness. Want to thank everyone for all the beautiful messages. Love you all.",
            "time": "Wed Jun 09 18:26:48 +0000 2010"
        },
        {
            "id": "15721634621",
            "text": "Had a good story session for my first home production. came home and went straight to the gym. dinner time now.",
            "time": "Tue Jun 08 17:47:26 +0000 2010"
        },
        {
            "id": "15648860091",
            "text": "Tiring long day ends with some great workout in the gym. Finished few interviews for lamha today. Goodnight n love.",
            "time": "Mon Jun 07 18:48:17 +0000 2010"
        },
        {
            "id": "15613153349",
            "text": "Back to work in mumbai. Have a very eventful day ahead. Love to all",
            "time": "Mon Jun 07 07:14:54 +0000 2010"
        },
        {
            "id": "15543922291",
            "text": "Had a late night yesterday. Just getting ready to leave for mumbai. It is also my beloved father's birthday today. Wishing his soul peace.",
            "time": "Sun Jun 06 08:32:25 +0000 2010"
        },
        {
            "id": "15507051368",
            "text": "Received best actor in a comic role for all the best - iifa'2010. Thanks for your votes and love.",
            "time": "Sat Jun 05 19:30:31 +0000 2010"
        },
        {
            "id": "15431295305",
            "text": "well when i go back stage then, i exactly know  the cause of charity and the name of the student.",
            "time": "Fri Jun 04 17:31:28 +0000 2010"
        },
        {
            "id": "15431184393",
            "text": "i was stepping out for dinner, the iifa team requested me last moment to present this award.",
            "time": "Fri Jun 04 17:29:39 +0000 2010"
        },
        {
            "id": "15430377262",
            "text": "going to present some award at the iifa charity show to some student. will try some local cuisine for dinner. goodnight everyone.love to all",
            "time": "Fri Jun 04 17:16:16 +0000 2010"
        },
        {
            "id": "15341268452",
            "text": "Had a very tiring but fruitful day. Good press conference and then walked the ramp in lamha's look. Love and goodnight.",
            "time": "Thu Jun 03 17:46:53 +0000 2010"
        },
        {
            "id": "15248152603",
            "text": "leaving for srilanka tonight to attend iifa. love to all.",
            "time": "Wed Jun 02 12:35:46 +0000 2010"
        },
        {
            "id": "15232793485",
            "text": "\u200e\u200bGood morning. Going to meet the honourable president of south Africa, Mr Zuma. Who is in mumbai for a visit. Love to all. Have a great day",
            "time": "Wed Jun 02 06:02:44 +0000 2010"
        },
        {
            "id": "15196094953",
            "text": "had a fruitful day today, office...gym and then took my wife for peking duck..love you all. goodnight.",
            "time": "Tue Jun 01 18:40:46 +0000 2010"
        },
        {
            "id": "15159834235",
            "text": "@juniorbachchan will make u some good bhuna gosht jr...",
            "time": "Tue Jun 01 06:09:46 +0000 2010"
        },
        {
            "id": "15159519768",
            "text": "wishing my mom a lovely birthday. may god bless her soul. i know where ever she is, she must be happy. love you ma",
            "time": "Tue Jun 01 06:01:46 +0000 2010"
        },
        {
            "id": "15159360410",
            "text": "@juniorbachchan thanks jr. just missing mom. lets meet when you are back.",
            "time": "Tue Jun 01 05:57:54 +0000 2010"
        },
        {
            "id": "15158814090",
            "text": "its been 29 years now that my beloved mother left us. Its her bday today. As I remember her each time, everything comes to me in flashes.",
            "time": "Tue Jun 01 05:44:00 +0000 2010"
        },
        {
            "id": "15158525687",
            "text": "GM everyone. This month the FIFA fever begins. Just checking the time table for the matches. I am following brazil and england.",
            "time": "Tue Jun 01 05:36:52 +0000 2010"
        },
        {
            "id": "15121130200",
            "text": "Mission accomplished. Dinner served. Thankyou for all the lovely messages and cooking tips. Had lovely family time. Love to all n good night",
            "time": "Mon May 31 17:20:10 +0000 2010"
        },
        {
            "id": "15106732592",
            "text": "tonight i am the chef at home. cooking some mutton for my wife. making up for morning.",
            "time": "Mon May 31 13:17:28 +0000 2010"
        },
        {
            "id": "15088039038",
            "text": "on second thought driving at that crazy speed specially on mumbai roads can only be a man's dream.",
            "time": "Mon May 31 05:24:55 +0000 2010"
        },
        {
            "id": "15087953713",
            "text": "yes my car is imported from abroad and shows mph. since in india it is kmph, i tried the conersion and made a wrong calculation.",
            "time": "Mon May 31 05:22:48 +0000 2010"
        },
        {
            "id": "15086920242",
            "text": "i know that she knows that i am very bad with calculations. hope she cools down before i reach home.",
            "time": "Mon May 31 04:58:43 +0000 2010"
        },
        {
            "id": "15086398040",
            "text": "woke up with a fuming call from my wife, for driving at high speed. just realised i miscalculated 50/60 mph into some wrong kmph.",
            "time": "Mon May 31 04:46:33 +0000 2010"
        },
        {
            "id": "15059862709",
            "text": "drove my Audi A8, W12 cylinders on the mumbai pune express high way. but please do not drive at this speed in the city. love and good night.",
            "time": "Sun May 30 19:21:08 +0000 2010"
        },
        {
            "id": "15056818094",
            "text": "Just done with the function. Will call it an early night. Goodnight and love to all",
            "time": "Sun May 30 18:13:58 +0000 2010"
        },
        {
            "id": "15055226155",
            "text": "I love self driving, and it was fun to drive away from the traffic jammed mumbai lanes.. Driving my audi W12 at 250/260 was just amazing.",
            "time": "Sun May 30 17:40:39 +0000 2010"
        },
        {
            "id": "15026199718",
            "text": "heading out of town for some endorsement commitment, shall be back tomorrow.....love to all",
            "time": "Sun May 30 06:57:12 +0000 2010"
        },
        {
            "id": "14987692979",
            "text": "@maanayata_dutt I will mom when ever u want me too",
            "time": "Sat May 29 17:21:12 +0000 2010"
        },
        {
            "id": "14982385310",
            "text": "had a good working day at office, preps for 1st home production with david dhawan....got back home...time to hit the gym...",
            "time": "Sat May 29 15:48:47 +0000 2010"
        },
        {
            "id": "14958587227",
            "text": "woke up to a pleasant surprise, so many loving messages from people around the world. i am blessed to be loved by all.....jaadu ki jhappi",
            "time": "Sat May 29 06:00:20 +0000 2010"
        },
        {
            "id": "14921680071",
            "text": "hi my tweeter friends, finally i m on this network. lets see how these social networking sites work for me. never been on one.",
            "time": "Fri May 28 17:42:03 +0000 2010"
        }
    ]
}