{
    "user_id": "23627885",
    "gender": "male",
    "age": "unknown",
    "age_range": "unknown",
    "year_of_birth": "unknown",
    "english": "can",
    "handle": "GrahamNishikawa",
    "tweets": [
        {
            "id": "628380425447014401",
            "text": "@TedKalMtl9 Rancilio Silvia V3",
            "time": "Tue Aug 04 01:42:22 +0000 2015"
        },
        {
            "id": "473500282270126080",
            "text": "@corkXC @fasttraxproteam You got it. Double boiling at 195",
            "time": "Mon Jun 02 16:23:59 +0000 2014"
        },
        {
            "id": "449567964904566784",
            "text": "It\u2019s exciting to see @cibc keep the Paralympic Movement alive after the Games are over. Thanks for the welcome home! @CDNParalympics",
            "time": "Fri Mar 28 15:25:30 +0000 2014"
        },
        {
            "id": "410275037183098880",
            "text": "@Goldsack @matthewjeffries @LennyValjas Oh snap! Revenge is a dish best served cold...and so is caprese.",
            "time": "Tue Dec 10 05:09:26 +0000 2013"
        },
        {
            "id": "396390926299308032",
            "text": "Nice work today! \u201c@IvanBabikov: The Nish and I at the first TimeTrail/Race of the season. #FrozenThunder @Cccski http://t.co/LBiiveSp10\u201d",
            "time": "Fri Nov 01 21:38:56 +0000 2013"
        },
        {
            "id": "395314864865804288",
            "text": "Inspiring and insightful talk this afternoon by @simonwhitfield @Catrionald @CDNOlympicTeam #stoked",
            "time": "Tue Oct 29 22:23:03 +0000 2013"
        },
        {
            "id": "381649883557408768",
            "text": "@coach_kates Lassy Mogs - Worst. Name. For. A. Cookie. Ever.",
            "time": "Sun Sep 22 05:23:17 +0000 2013"
        },
        {
            "id": "378220001208971264",
            "text": "THANK YOU @CANFUND for your amazing support!! I'm so grateful to everyone who donates to CAN Fund.",
            "time": "Thu Sep 12 18:14:09 +0000 2013"
        },
        {
            "id": "359237597643550721",
            "text": "@cadenceweapon",
            "time": "Mon Jul 22 09:04:52 +0000 2013"
        },
        {
            "id": "307217354209779712",
            "text": "@coach_kates thanks buddy. #jgps",
            "time": "Thu Feb 28 19:54:59 +0000 2013"
        },
        {
            "id": "292046546898415617",
            "text": "@Goldsack Don't bother. It's OVER!",
            "time": "Thu Jan 17 23:11:37 +0000 2013"
        },
        {
            "id": "279351929946140672",
            "text": "@alex_harvey @DaveNighbor Most awkward interview ever. #twitchyeyes - Dave, I think \"East meets West\" still takes the cake.",
            "time": "Thu Dec 13 22:27:44 +0000 2012"
        },
        {
            "id": "278734359731773440",
            "text": "@ticinos Thank you for the great team dinner tonight. Always amazing!",
            "time": "Wed Dec 12 05:33:44 +0000 2012"
        },
        {
            "id": "261984306786889728",
            "text": "@coach_kates You ever wonder what happened to the JGPS?",
            "time": "Sat Oct 27 00:15:00 +0000 2012"
        },
        {
            "id": "257608402195329025",
            "text": "@_MONTERISKI It was a nice surprise! Thanks for the great event. Hope it was a success for your team. See you on the trails.",
            "time": "Sun Oct 14 22:26:43 +0000 2012"
        },
        {
            "id": "254685485019041793",
            "text": "Bluebird day in Park City  http://t.co/XF9WBZUS",
            "time": "Sat Oct 06 20:52:06 +0000 2012"
        },
        {
            "id": "241707465366962176",
            "text": "@alex_harvey This is the best comment: \"if 200 hogs and 3,000 bags of pancake mix \"disappear\" i think we have a pattern.\"",
            "time": "Sat Sep 01 01:22:05 +0000 2012"
        },
        {
            "id": "197891399750909953",
            "text": "Kihei to the summit of Haleakala.  @gerardgarnier Boy, that escalated quickly.   http://t.co/ZzfR7Epy",
            "time": "Thu May 03 03:32:41 +0000 2012"
        },
        {
            "id": "180777681825177600",
            "text": "@alex_harvey Your house is in good hands. RIP snowbank.  http://t.co/8yyEBr0A",
            "time": "Fri Mar 16 22:08:52 +0000 2012"
        },
        {
            "id": "171412347611643904",
            "text": "@philwid @jcoatsworth @GordonJewett @chrisNTjeffries  http://t.co/Dk2Ezegz",
            "time": "Mon Feb 20 01:54:23 +0000 2012"
        },
        {
            "id": "165028949385154560",
            "text": "@devonkershaw pound \"beast mode\"",
            "time": "Thu Feb 02 11:09:02 +0000 2012"
        },
        {
            "id": "138006084240683008",
            "text": "@bnmeister Thanks. 100% chance.",
            "time": "Sat Nov 19 21:29:49 +0000 2011"
        },
        {
            "id": "125647519618310144",
            "text": "@bnmeister Congrats B. Great work!",
            "time": "Sun Oct 16 19:01:17 +0000 2011"
        },
        {
            "id": "103666037781835776",
            "text": "Let's go Sounders. Lovin the Champions League match (CONCACAF) http://t.co/lHoBs5h",
            "time": "Wed Aug 17 03:14:44 +0000 2011"
        },
        {
            "id": "93748066586345472",
            "text": "@garybremnerfoto Dude ya. Lion looks pretty sweet! - It has\"Mission Control\" and \"Launchpad\"! (I don't even know what they do)",
            "time": "Wed Jul 20 18:24:15 +0000 2011"
        },
        {
            "id": "64738399893995521",
            "text": "@alex_harvey Nope. My store is called NISHI Sportswear. It should be right around the corner.",
            "time": "Sun May 01 17:10:11 +0000 2011"
        },
        {
            "id": "61225552803143680",
            "text": "9 years later...time for clogs 2.0 http://plixi.com/p/94643421",
            "time": "Fri Apr 22 00:31:23 +0000 2011"
        },
        {
            "id": "49198727084244992",
            "text": "@ggreyski - Congrats on a great career! Nice way to finish.",
            "time": "Sat Mar 19 20:01:05 +0000 2011"
        },
        {
            "id": "42975496052547585",
            "text": "@devonkershaw and @alex_harvey Well you're getting a high five when I see you in Lahti. What Up!!!",
            "time": "Wed Mar 02 15:52:11 +0000 2011"
        },
        {
            "id": "28266047534530560",
            "text": "Good luck to everyone racing in Astonia! http://plixi.com/p/71335363",
            "time": "Fri Jan 21 01:42:05 +0000 2011"
        },
        {
            "id": "22666608287682562",
            "text": "@devonkershaw yeah biddy!",
            "time": "Wed Jan 05 14:51:55 +0000 2011"
        },
        {
            "id": "3313527523647489",
            "text": "@DaveNighbor  http://plixi.com/p/56607664",
            "time": "Sat Nov 13 05:09:41 +0000 2010"
        },
        {
            "id": "24965916752",
            "text": "Grouse Grind 5th. Started hard and paid dearly.  I can't believe how much of the race I walked!",
            "time": "Sun Sep 19 20:52:23 +0000 2010"
        },
        {
            "id": "24148965486",
            "text": "@bnmeister Have a good one! What leg are you doing?",
            "time": "Sat Sep 11 00:05:13 +0000 2010"
        },
        {
            "id": "20803250999",
            "text": "Well, that's just great. There is a Black Bear in my backyard.",
            "time": "Tue Aug 10 15:28:42 +0000 2010"
        },
        {
            "id": "20594174609",
            "text": "Boo ya. Got placed at the party table for this wedding.",
            "time": "Sun Aug 08 02:05:05 +0000 2010"
        },
        {
            "id": "19911637811",
            "text": "Off to the Bell store to get my new iPhone4.",
            "time": "Fri Jul 30 14:02:48 +0000 2010"
        },
        {
            "id": "14305802612",
            "text": "@SeanCrooks Old Billy Madison Quotes- Just Classic",
            "time": "Wed May 19 17:13:28 +0000 2010"
        },
        {
            "id": "14305571425",
            "text": "@BrentMCM Yes, that is weird. Why are you training so early?",
            "time": "Wed May 19 17:08:41 +0000 2010"
        },
        {
            "id": "13014248331",
            "text": "@devonkershaw Yo. Just got back to Canmore. Where have I been? The last thing I remember, I was repelling down Mount Vesuvius....",
            "time": "Wed Apr 28 16:02:43 +0000 2010"
        },
        {
            "id": "9695723303",
            "text": "@SeanCrooks simply flawless",
            "time": "Fri Feb 26 20:45:43 +0000 2010"
        },
        {
            "id": "9403331918",
            "text": "Well Done Boys. That was Crazy.",
            "time": "Sat Feb 20 23:21:05 +0000 2010"
        },
        {
            "id": "8639351006",
            "text": "@DaveNighbor: I'm buzzin Biddy. Funniest course preview ever. http://www.youtube.com/watch?v=KTchiII7-gQ&feature=player_embedded",
            "time": "Thu Feb 04 16:57:05 +0000 2010"
        },
        {
            "id": "6205368232",
            "text": "Missed my connection- now stuck in Frankfurt for the next 24 hours- Yes Biddy",
            "time": "Mon Nov 30 16:12:41 +0000 2009"
        },
        {
            "id": "6012525405",
            "text": "@ChandraCrawford The Switch is on the side of the heater at the bottom",
            "time": "Tue Nov 24 16:41:49 +0000 2009"
        },
        {
            "id": "5884181927",
            "text": "John Kristian Dahl came to my Birthday Party last night...No.Big. Deal.",
            "time": "Fri Nov 20 08:32:39 +0000 2009"
        },
        {
            "id": "5862340052",
            "text": "@Goldsack Take it easy on Taiwan",
            "time": "Thu Nov 19 16:55:38 +0000 2009"
        },
        {
            "id": "5397620596",
            "text": "@DaveNighbor Say What...Lenny dunked on International Rap Super Star Drake in high school? Wow, pretty good.",
            "time": "Tue Nov 03 18:11:36 +0000 2009"
        },
        {
            "id": "4123497873",
            "text": "Mc murder looks pretty fast this am.",
            "time": "Sun Sep 20 13:38:23 +0000 2009"
        },
        {
            "id": "4092877967",
            "text": "Just won a hand in poker. Decent!",
            "time": "Sat Sep 19 01:22:35 +0000 2009"
        },
        {
            "id": "4034331297",
            "text": "@alex_harvey - I concur, that Macchiatto really did suck.",
            "time": "Wed Sep 16 17:56:00 +0000 2009"
        },
        {
            "id": "3502003661",
            "text": "Goldsack is Back! Nury a strong 2nd. Flury 3rd, Crooks 4th.",
            "time": "Mon Aug 24 00:25:21 +0000 2009"
        },
        {
            "id": "2678781519",
            "text": "is Hot.",
            "time": "Thu Jul 16 23:58:22 +0000 2009"
        },
        {
            "id": "2397606228",
            "text": "Ice cream bus; decent.",
            "time": "Tue Jun 30 02:33:41 +0000 2009"
        },
        {
            "id": "2351594774",
            "text": "Watching USA Track and Field Nationals on Flotrack",
            "time": "Fri Jun 26 23:18:44 +0000 2009"
        },
        {
            "id": "2337062268",
            "text": "First Danny, now Michael...",
            "time": "Fri Jun 26 01:42:02 +0000 2009"
        }
    ]
}