{
    "user_id": "43656928",
    "gender": "male",
    "age": 34,
    "age_range": "25-34",
    "year_of_birth": 1984,
    "english": "aus",
    "handle": "hyphen18",
    "tweets": [
        {
            "id": "1103069887264522240",
            "text": "So jealous https://t.co/gJiio44jj5",
            "time": "Tue Mar 05 23:08:49 +0000 2019"
        },
        {
            "id": "1102780884049027073",
            "text": "@cookandsonbats @INDOCHINO @MLBNetwork The dude is styling \nHe def doesn\u2019t need my help! I wish I could that off.",
            "time": "Tue Mar 05 04:00:26 +0000 2019"
        },
        {
            "id": "1102653246554828805",
            "text": "@kgo5013 @cougsgo I fly to Az in a few days and if I see any peice of luggage above my assigned seat there is going to be a scene! \nEspecially if it looks anything like that hideous crimson duffle pictured above",
            "time": "Mon Mar 04 19:33:14 +0000 2019"
        },
        {
            "id": "1102319748795129856",
            "text": "@SirWill @cougsgo Not every passenger has bags to put above them. They also put it under the seat in front\n so save it",
            "time": "Sun Mar 03 21:28:02 +0000 2019"
        },
        {
            "id": "1102314168747614208",
            "text": "@cougsgo That scenario happened Mr Moore, sir, due to the lack of order from the passengers who boarded before you. If every passenger had the right size bag and placed it directly above them, you would have been set! \nNo?",
            "time": "Sun Mar 03 21:05:52 +0000 2019"
        },
        {
            "id": "1102267092668051456",
            "text": "@cougsgo No, everyone should put their bag above their seat...",
            "time": "Sun Mar 03 17:58:48 +0000 2019"
        },
        {
            "id": "1101923471032905729",
            "text": "The @Mariners Games not televised on @ROOTSPORTS_NW so here is a preview of Kikuchi and his mechanics... \nyou\u2019re welcome \ud83d\ude02\ud83d\udc4e\ud83c\udffb https://t.co/0lH9jN93R4",
            "time": "Sat Mar 02 19:13:22 +0000 2019"
        },
        {
            "id": "1101639811411005440",
            "text": "Nasty \ud83e\udd22 https://t.co/8yCCHetEfm",
            "time": "Sat Mar 02 00:26:13 +0000 2019"
        },
        {
            "id": "1101639561598271488",
            "text": "My first GIF friends...\nFinally figured it out \nAnd I don\u2019t mean Yusei\u2019s leg kick https://t.co/kVNXFqDcFZ",
            "time": "Sat Mar 02 00:25:13 +0000 2019"
        },
        {
            "id": "1101634528404135936",
            "text": "All the gear no idea...\n@RealBradAdam getting schooled by @MarcoGonzales_ in put put on @Mariners all access @ROOTSPORTS_NW \n\n\ud83d\ude02 \ud83c\udfcc\ufe0f https://t.co/ZyzKyl33nB",
            "time": "Sat Mar 02 00:05:13 +0000 2019"
        },
        {
            "id": "1100481391265890304",
            "text": "See you at Noon \n@Mariners Baseball on @ROOTSPORTS_NW https://t.co/mhrQDLxNz2",
            "time": "Tue Feb 26 19:43:04 +0000 2019"
        },
        {
            "id": "1100476971127984128",
            "text": "@RealBradAdam @ROOTSPORTS_NW Breaking out the Double breasted coat \ud83e\udde5 next week @INDOCHINO",
            "time": "Tue Feb 26 19:25:30 +0000 2019"
        },
        {
            "id": "1100149041558564864",
            "text": "@RyanDivish @GregJohnsMLB @rudysbarbershop special!  ask for Tera at Fremont and tell em you want \u2018The Anti @RealBradAdam \u2019\nGreg is already booked in. \n\ud83d\ude02\ud83c\udde6\ud83c\uddfa",
            "time": "Mon Feb 25 21:42:25 +0000 2019"
        },
        {
            "id": "1100115584019120128",
            "text": "We have @Mariners baseball today. \n@ROOTSPORTS_NW is the channel...\nTurn us on at Noon. \nWe have @RealBradAdam and his Uber driver kicking it off",
            "time": "Mon Feb 25 19:29:29 +0000 2019"
        },
        {
            "id": "1100115221425795077",
            "text": "Will be on @BobGrozandTom 2pm today talking @Mariners and other good stuff! \n@710ESPNSeattle",
            "time": "Mon Feb 25 19:28:02 +0000 2019"
        },
        {
            "id": "1099525447090548738",
            "text": "@MCDuke12 Hey mate\n I\u2019m still in Seattle! Let\u2019s do it once the season kicks off! Cute kid!!",
            "time": "Sun Feb 24 04:24:29 +0000 2019"
        },
        {
            "id": "1099462255874199552",
            "text": "So good to get back amongst @Mariners today, couple laughs with @RealBradAdam and took a couple off the chin from none other that @heygoldy and Blow, aggressive suit choices all year! \ud83d\ude02\nWe\u2019re back Monday midday on @ROOTSPORTS_NW",
            "time": "Sun Feb 24 00:13:23 +0000 2019"
        },
        {
            "id": "1099435466732883968",
            "text": "Talking Yusei Kikuchi coming up on @ROOTSPORTS_NW \nJoin us.",
            "time": "Sat Feb 23 22:26:56 +0000 2019"
        },
        {
            "id": "1099431500179681281",
            "text": "@shannondrayer https://t.co/j9OaEKGhFS",
            "time": "Sat Feb 23 22:11:10 +0000 2019"
        },
        {
            "id": "1099431301088608256",
            "text": "@Olivier_P_G Thanks mate!!",
            "time": "Sat Feb 23 22:10:23 +0000 2019"
        },
        {
            "id": "1099404912012578816",
            "text": "There always that new guy who comes and makes a huge impression right away, usually clubhouse energy until games start.\nThen you can go straight away center top 1st \n#ShedLong",
            "time": "Sat Feb 23 20:25:31 +0000 2019"
        },
        {
            "id": "1099189716052697088",
            "text": "You tuning into the @Mariners game tomorrow friends? \nMake sure you tune in earlier for the pre game on @ROOTSPORTS_NW when I continue to out shine the @RealBradAdam and blow him away with the best M\u2019s insight! \n\ud83d\ude02\ud83d\ude02\nHe\u2019s asleep right now no doubt.\nCan\u2019t wait to get started",
            "time": "Sat Feb 23 06:10:24 +0000 2019"
        },
        {
            "id": "1098756275456757760",
            "text": "No @Mariners game so we\u2019re hitting the half pipe https://t.co/VlXS2tblAM",
            "time": "Fri Feb 22 01:28:04 +0000 2019"
        },
        {
            "id": "1098604691682803712",
            "text": "To early for team building tarp slides? https://t.co/r5gY4VTqTw",
            "time": "Thu Feb 21 15:25:44 +0000 2019"
        },
        {
            "id": "1098604455753367552",
            "text": "@BobStelton @BrockESPN @710ESPNSeattle Yeah I\u2019m listening",
            "time": "Thu Feb 21 15:24:47 +0000 2019"
        },
        {
            "id": "1097943836729298945",
            "text": "As a former player we shouldn\u2019t say this but I will never understand committing to a player for 10 years! \nI know there\u2019s opt outs etc but why? Unless...\n-He\u2019s 20 yrs old,\n-Mike Trout Clone who pitches (left handed throws \ud83d\udd25)\n-works in the front office every offseason",
            "time": "Tue Feb 19 19:39:44 +0000 2019"
        },
        {
            "id": "1096600510092595200",
            "text": "@japanjohnny @Mariners What would @RyanDivish know about running on a treadmill...\nHe is straight curls and bench \ud83d\ude02\ud83d\ude02",
            "time": "Sat Feb 16 02:41:50 +0000 2019"
        },
        {
            "id": "1096554546321444865",
            "text": "Physicals...\nNeed to know if the @mariners are still hosting the stress test on the treadmill or is that to old school? \n\nI used to try and make the opening day roster on that thing! https://t.co/AUmhInWyef",
            "time": "Fri Feb 15 23:39:11 +0000 2019"
        },
        {
            "id": "1096501941515870208",
            "text": "Happy jet lag day \n\n\ud83c\udde6\ud83c\uddfa \u2708\ufe0f \ud83c\uddfa\ud83c\uddf8 \u2744\ufe0f \nVia \ud83c\udf34\n\nThis place has changed so much since I left \nIt snows now and there\u2019s some futuristic car tunnel through town \n\nHelps that I get to watch some @Mariners spring training baseball next week and talk about it on @ROOTSPORTS_NW \n\n\u26be\ufe0f",
            "time": "Fri Feb 15 20:10:09 +0000 2019"
        },
        {
            "id": "1095407701218086912",
            "text": "Stories for days this one... https://t.co/BY80O7vcFX",
            "time": "Tue Feb 12 19:42:02 +0000 2019"
        },
        {
            "id": "1094091368929026049",
            "text": "Lennox and I braving this Seattle Storm. \n\ud83c\udde6\ud83c\uddfa https://t.co/Ulqd3QwCit",
            "time": "Sat Feb 09 04:31:24 +0000 2019"
        },
        {
            "id": "1093267897932083200",
            "text": "See you soon Laila \nStay awesome \n\n#boxersofinstagram @ Currumbin Pirate Ship Beach https://t.co/EHtpdd5S4t",
            "time": "Wed Feb 06 21:59:13 +0000 2019"
        },
        {
            "id": "1093246653664903168",
            "text": "The squad \ud83d\udc22 \n\n@kirk_300 \n@nxtgenbaseball https://t.co/KM2QPdeN3I",
            "time": "Wed Feb 06 20:34:48 +0000 2019"
        },
        {
            "id": "1091904206703718400",
            "text": "Slowly but surely \ud83c\udfc4\u200d\u2640\ufe0f https://t.co/QW3mHZ64Ow",
            "time": "Sun Feb 03 03:40:24 +0000 2019"
        },
        {
            "id": "1091551713490698240",
            "text": "Witnessed this but can\u2019t recall the details! \ud83d\ude02\ud83e\udd19\ud83c\udffc https://t.co/rjuFM2NojK",
            "time": "Sat Feb 02 04:19:43 +0000 2019"
        },
        {
            "id": "1090556608520761345",
            "text": "Get your baseball fix in January people \nHOW TO SPEAK AUSTRALIAN...\nTune in... https://t.co/pBdZfXj1Ih",
            "time": "Wed Jan 30 10:25:31 +0000 2019"
        },
        {
            "id": "1089547679170932736",
            "text": "@Michaels_VW @ROOTSPORTS_NW Thanks Michael",
            "time": "Sun Jan 27 15:36:24 +0000 2019"
        },
        {
            "id": "1089397975372058625",
            "text": "Happy \ud83c\udde6\ud83c\uddfa DAY!!! \n(Google it) \nSee you guys soon! https://t.co/UqN20XVvLe",
            "time": "Sun Jan 27 05:41:32 +0000 2019"
        },
        {
            "id": "1089280641718308864",
            "text": "This is what I do every January, @nxtgenbaseball https://t.co/XGK9kNOfew",
            "time": "Sat Jan 26 21:55:17 +0000 2019"
        },
        {
            "id": "1089279177272913920",
            "text": "@Six8Shuffle @Mariners That\u2019s not me",
            "time": "Sat Jan 26 21:49:28 +0000 2019"
        },
        {
            "id": "1089065001027915777",
            "text": "Legend... https://t.co/xGTJE4JMEA",
            "time": "Sat Jan 26 07:38:24 +0000 2019"
        },
        {
            "id": "1087265135608029185",
            "text": "Crickey... water dragon, lizard whatever... this kid showed us all up! Only in \ud83c\udde6\ud83c\uddfa https://t.co/Rtlu4uZ9on",
            "time": "Mon Jan 21 08:26:23 +0000 2019"
        },
        {
            "id": "1086362123658088448",
            "text": "@TheLydiaCruz Exactly what I said",
            "time": "Fri Jan 18 20:38:08 +0000 2019"
        },
        {
            "id": "1086015602408382464",
            "text": "@AngieMentink I am in \ud83c\udde6\ud83c\uddfa so tree definitely up until mid Feb. I had one job to complete before we left... take it down, didn\u2019t happen also forgot the light timer, so everyone who cruises past gets a little Christmas spirit into Feb\nYou guys are being discussed by neighbors as we speak!",
            "time": "Thu Jan 17 21:41:11 +0000 2019"
        },
        {
            "id": "1083232219299078146",
            "text": "@RyanDivish @Jeffdoodledude Figured",
            "time": "Thu Jan 10 05:21:01 +0000 2019"
        },
        {
            "id": "1083231762031927296",
            "text": "@RyanDivish @Jeffdoodledude Look, it\u2019s a great movie but I\u2019m trying to introduce you to some of the best half pipe and skate gang action ever to hit VHS",
            "time": "Thu Jan 10 05:19:12 +0000 2019"
        },
        {
            "id": "1083230614453510144",
            "text": "@Jeffdoodledude @RyanDivish Comes a close second to this... \nhttps://t.co/c1FCYcamH8",
            "time": "Thu Jan 10 05:14:38 +0000 2019"
        },
        {
            "id": "1083114846181306373",
            "text": "This absolute rock star Max the therapy dog doing fine work at Vancouver, Wa VA medical center. Thank you for your service and time, was great to meet you all \nThe @mariners Caravan rolls\u2026 https://t.co/wsWLwrzpVS",
            "time": "Wed Jan 09 21:34:37 +0000 2019"
        },
        {
            "id": "1082951830600970240",
            "text": "@toddvs35 Love it",
            "time": "Wed Jan 09 10:46:51 +0000 2019"
        },
        {
            "id": "1082946371584286722",
            "text": "@uwhuskies32 @Mariners @Topsheff42 @TMobilePark Shoes",
            "time": "Wed Jan 09 10:25:09 +0000 2019"
        },
        {
            "id": "1082873361250676739",
            "text": "The @Mariners caravan has been a blast so far. Great to get to know this soon to be ace @Topsheff42 \nFeeling very 2019 with the magenta kicks @TMobilePark \nSee you tomorrow Vancouver, Wa https://t.co/Gy3QMNreB4",
            "time": "Wed Jan 09 05:35:02 +0000 2019"
        },
        {
            "id": "1082840599068172288",
            "text": "@TurnAPairChris Oh for sure",
            "time": "Wed Jan 09 03:24:51 +0000 2019"
        },
        {
            "id": "1082840540901650432",
            "text": "@The_Only_Collin She is absolutely right! \nWhat a patriot!",
            "time": "Wed Jan 09 03:24:37 +0000 2019"
        },
        {
            "id": "1082804793351974912",
            "text": "Think about it...\n\n\ud83d\ude02\ud83d\udc4c https://t.co/mmPa92ifYr",
            "time": "Wed Jan 09 01:02:34 +0000 2019"
        },
        {
            "id": "1082739467771891713",
            "text": "Telling stories with our mates to the south @1029thegame @ Portland, Oregon https://t.co/7xJggUef8R",
            "time": "Tue Jan 08 20:43:00 +0000 2019"
        },
        {
            "id": "1082485637213769728",
            "text": "Great Day 1 of the @mariners caravan! @heygoldy loved the length of my stories...\nSo did @chasenbradford and @Topsheff42 \ud83d\ude02\ud83d\ude02\u26be\ufe0f\u26be\ufe0f https://t.co/UCMQ6M7Pv5",
            "time": "Tue Jan 08 03:54:22 +0000 2019"
        },
        {
            "id": "1082414292056457216",
            "text": "Great to meet you Peter! https://t.co/WuWDjyNOxw",
            "time": "Mon Jan 07 23:10:52 +0000 2019"
        },
        {
            "id": "1082396732187586560",
            "text": "Excited to see you guys too! https://t.co/HBZ3Fvy4w1",
            "time": "Mon Jan 07 22:01:05 +0000 2019"
        },
        {
            "id": "1082396699438440449",
            "text": "The @Mariners caravan has officially begun, kicked off at @KELAKMNT talking 2019 M\u2019s \nNext stop- Longview Wa https://t.co/bDM3Rs6RbZ",
            "time": "Mon Jan 07 22:00:57 +0000 2019"
        },
        {
            "id": "1080940268579221504",
            "text": "Love this place... Krav Maga Seattle south Lake Union @kravmagaseattle \nLeave there buzzing after every workout, great people and it\u2019s seriously the best way to get in shape. \nWould love to see ya in there @mariners fans! https://t.co/8JOtxvEUe6",
            "time": "Thu Jan 03 21:33:37 +0000 2019"
        },
        {
            "id": "1080348537005568000",
            "text": "@JohnLegere That would be fantastic! Can't seem to DM you though. \nLook like the Space Needle beat me to it. @KatzMike did a great job for NYE! \nExcited to get to Hyphen Park in 2019! \nHappy New Year!",
            "time": "Wed Jan 02 06:22:17 +0000 2019"
        },
        {
            "id": "1080244407125696513",
            "text": "Brought in 2019 plunging in Lake Washington. \nProud Polar Bear club member! \nHAPPY NEW YEAR, here\u2019s to a great one! \n#comeinthewatersgreat https://t.co/h2qLzDn2nA",
            "time": "Tue Jan 01 23:28:31 +0000 2019"
        },
        {
            "id": "1080223194387144704",
            "text": "@kirbyarnold Hahaha that\u2019s probably true",
            "time": "Tue Jan 01 22:04:13 +0000 2019"
        },
        {
            "id": "1080220790983966720",
            "text": "Brought in 2019 plunging in Lake Washington. Proud Polar Bear club member! \nHAPPY NEW YEAR, here\u2019s to a great one! \n#comeinthewatersgreat @ Matthews Beach Park https://t.co/vG4Q86gntE",
            "time": "Tue Jan 01 21:54:40 +0000 2019"
        },
        {
            "id": "1079587674971930626",
            "text": "Checked out some @uw_wbb today!\nEarly recruiting trip for Kennedy \n#godawgs @ Seattle, Washington https://t.co/je20kSBX1J",
            "time": "Mon Dec 31 03:58:54 +0000 2018"
        },
        {
            "id": "1078544040176508928",
            "text": "Eric is very good at Twitter...\nYou need to give him a follow! https://t.co/ajaPHQ02iP",
            "time": "Fri Dec 28 06:51:52 +0000 2018"
        },
        {
            "id": "1078417756851036161",
            "text": "Big shout out to @bartelldrugs Greenlake for locking down my 3 week old passport photos. \nWe went to 4 places last 2 days and no one could pull it off! \nEven specific passport photo places! Unreal\nMartin at Bartells you legend you nailed the shot! \ud83d\udcf7 \ud83c\uddfa\ud83c\uddf8 \u2708\ufe0f \ud83c\udde6\ud83c\uddfa",
            "time": "Thu Dec 27 22:30:03 +0000 2018"
        },
        {
            "id": "1078379227253170176",
            "text": "At my local coffee shop, nothing better than the random local dropping in , spotting me on my 8th double in the corner, then sitting down talking @Mariners 2019 and the glory days.",
            "time": "Thu Dec 27 19:56:57 +0000 2018"
        },
        {
            "id": "1078351523359256576",
            "text": "@SeattleCoffey @MarinerMojo55 @Mariners @mumsyeh Love it, honored",
            "time": "Thu Dec 27 18:06:52 +0000 2018"
        },
        {
            "id": "1076700191846060033",
            "text": "Been a special holiday season helping out the voice of the \u2066@Mariners\u2069 Rick Rizzs who does an unbelievable job \nMerry Christmas!  https://t.co/WKEGLleEAU",
            "time": "Sun Dec 23 04:45:04 +0000 2018"
        },
        {
            "id": "1075676618629242880",
            "text": "Just posted a photo https://t.co/kkYEGk63Fr",
            "time": "Thu Dec 20 08:57:45 +0000 2018"
        },
        {
            "id": "1075473543020699648",
            "text": "@neilstover @shannondrayer Oh it\u2019s coming! Adjust the lighting in that studio! \nCalling @INDOCHINO as we speak!",
            "time": "Wed Dec 19 19:30:48 +0000 2018"
        },
        {
            "id": "1075472998637826048",
            "text": "Just got off the phone with T-Mobile\u2019s marketing guru.\nI tried to make a deal with her that if they nickname it \u2018The big Hyphen\u2019 I will wear a Magenta suit every game with a giant T medallion around my neck. \n\nShe replied...\n\n\u201cWhoever this is, don\u2019t ever call this number again\u201d https://t.co/QHpG98YuD0",
            "time": "Wed Dec 19 19:28:38 +0000 2018"
        },
        {
            "id": "1075464633404686336",
            "text": "Haha, if they light up like that I\u2019m all over it! https://t.co/8z9DEOF167",
            "time": "Wed Dec 19 18:55:24 +0000 2018"
        },
        {
            "id": "1075446771633934336",
            "text": "It\u2019s official friends...\nWelcome to T-Mobile Park\n\nLove the hyphen aspect\n\n@TMobile https://t.co/XnyxySJZ3P",
            "time": "Wed Dec 19 17:44:25 +0000 2018"
        },
        {
            "id": "1074382099270914051",
            "text": "@RealBradAdam @shannondrayer I didn\u2019t need it...",
            "time": "Sun Dec 16 19:13:48 +0000 2018"
        },
        {
            "id": "1074342963843457026",
            "text": "Listening to Terry Francona, Tony La Russa and Rene Lachemann talk managing at the @MLBPAA Career summit. https://t.co/nObPkDIlEc",
            "time": "Sun Dec 16 16:38:17 +0000 2018"
        },
        {
            "id": "1073791762575941632",
            "text": "@shannondrayer @JessamynMcIntyr Sweet. My flights been delayed since 11am this morning so I have had all day to build my childhood outback story. \nBuckle up",
            "time": "Sat Dec 15 04:08:00 +0000 2018"
        },
        {
            "id": "1073783475788865536",
            "text": "@MarinersGUBats Blue... \nTooheys",
            "time": "Sat Dec 15 03:35:05 +0000 2018"
        },
        {
            "id": "1073765528290746368",
            "text": "@BobStelton Shops here... https://t.co/nEYdHgVUEU",
            "time": "Sat Dec 15 02:23:46 +0000 2018"
        },
        {
            "id": "1073764709403308032",
            "text": "@JessamynMcIntyr @shannondrayer Seriously though, that hat is cool.",
            "time": "Sat Dec 15 02:20:30 +0000 2018"
        },
        {
            "id": "1073764148700360704",
            "text": "@JessamynMcIntyr Get me a barber shop hat! I always wanted of them \nI\u2019ll pay you back with a riveting interview about my time in the outback as a young boy",
            "time": "Sat Dec 15 02:18:17 +0000 2018"
        },
        {
            "id": "1073114941517774848",
            "text": "@EOF34 Nailed it",
            "time": "Thu Dec 13 07:18:34 +0000 2018"
        },
        {
            "id": "1073054401932095488",
            "text": "At @SafecoField one last time #EnchantChristmas is awesome. Very worth it! https://t.co/NbNDBKRFyO",
            "time": "Thu Dec 13 03:18:00 +0000 2018"
        },
        {
            "id": "1073053846916816896",
            "text": "#enchantchristmas @ Safeco Field https://t.co/cFKm0jEWwv",
            "time": "Thu Dec 13 03:15:48 +0000 2018"
        },
        {
            "id": "1073042286043373568",
            "text": "We\u2019re at safeco one last time \n#enchantchristmas is insane! \nWell worth it! @ Enchant Christmas Seattle https://t.co/HuFTYtFTY4",
            "time": "Thu Dec 13 02:29:51 +0000 2018"
        },
        {
            "id": "1072680726808666112",
            "text": "Cookie making contest at the @RMHCSeattle today with Rick Rizzs\nI got schooled! \nArt and crafts baking hour with RRS was a bust! \nThanks again to @TFKSeattle for having me! https://t.co/W91MK5Gb7J",
            "time": "Wed Dec 12 02:33:09 +0000 2018"
        },
        {
            "id": "1072266589381120000",
            "text": "Excuse the typos but this dude meant a lot to me growing up and finally got to tell him. https://t.co/kABjAfM9EQ",
            "time": "Mon Dec 10 23:07:31 +0000 2018"
        },
        {
            "id": "1071940267907772416",
            "text": "@JessamynMcIntyr @dannyoneil He was in disguise. I refused to sign for him",
            "time": "Mon Dec 10 01:30:50 +0000 2018"
        },
        {
            "id": "1071939321437941762",
            "text": "@SimonThePope_ Welcome buddy thanks for coming by and hanging out",
            "time": "Mon Dec 10 01:27:04 +0000 2018"
        },
        {
            "id": "1071925527940714496",
            "text": "Great way to spend a Sunday afternoon! \nThanks to everyone who stopped by for a chat! https://t.co/5IUegapE05",
            "time": "Mon Dec 10 00:32:15 +0000 2018"
        },
        {
            "id": "1071833207580971008",
            "text": "@Evan_P_Grant Hey, if there is a beer league team out there who is in need of a solid drinking buddy it could happen!",
            "time": "Sun Dec 09 18:25:25 +0000 2018"
        },
        {
            "id": "1071830018001559553",
            "text": "Mates...\nStop by and see me at @AlderwoodMall during your Christmas shop! \nI\u2019ll be hanging out 3-4:30pm https://t.co/X0pMCgtEWu",
            "time": "Sun Dec 09 18:12:44 +0000 2018"
        },
        {
            "id": "1071827918483931136",
            "text": "@MarinersStore Alderwood*",
            "time": "Sun Dec 09 18:04:24 +0000 2018"
        },
        {
            "id": "1071535134992687105",
            "text": "Just posted a photo https://t.co/WhskpUqiEU",
            "time": "Sat Dec 08 22:40:58 +0000 2018"
        },
        {
            "id": "1071531930561110017",
            "text": "Agreed https://t.co/rgRN7R4Ptv",
            "time": "Sat Dec 08 22:28:15 +0000 2018"
        },
        {
            "id": "1071522918805340161",
            "text": "Fun way to spend a Saturday morning with Rick Rizzs  @TFKSeattle and of course the @MarinerMoose handing out toys! \nMerry Christmas \ud83c\udf81\ud83c\udf84 https://t.co/rWSTZWY6UW",
            "time": "Sat Dec 08 21:52:26 +0000 2018"
        },
        {
            "id": "1071258369875304448",
            "text": "This is awesome! \nI have challenged her to sim game but left on left she is scared! \nMiss ya Angie! https://t.co/R2nisDD00U",
            "time": "Sat Dec 08 04:21:13 +0000 2018"
        },
        {
            "id": "1070400440041230336",
            "text": "All happening with the @mariners and all happening over at @NewDayNW \nFun to break it down! https://t.co/pj8hkLbgxJ",
            "time": "Wed Dec 05 19:32:06 +0000 2018"
        },
        {
            "id": "1070371338966196224",
            "text": "Love Christmas time in Seattle! \nJoin us Sunday! At the @MarinersStore Alderwood mall for a chats, selfies and a couple pressures for the little ones! https://t.co/amUfk8rsCC",
            "time": "Wed Dec 05 17:36:28 +0000 2018"
        },
        {
            "id": "1070370052367507456",
            "text": "Talking @Mariners and the direction they\u2019re heading into 2019 on @NewDayNW 11am \nJoin us! @KING5Seattle",
            "time": "Wed Dec 05 17:31:21 +0000 2018"
        },
        {
            "id": "1069828725695344645",
            "text": "Excited to give my take on these moves and the direction the @mariners are going. Join us on King 5 11am Wednesday. @newdayNW https://t.co/KgSJmegfWJ",
            "time": "Tue Dec 04 05:40:19 +0000 2018"
        },
        {
            "id": "1069820961891921920",
            "text": "@franson247 @Mariners Congratulations!",
            "time": "Tue Dec 04 05:09:28 +0000 2018"
        },
        {
            "id": "1069819958723366912",
            "text": "@unholygross I'm in!",
            "time": "Tue Dec 04 05:05:29 +0000 2018"
        },
        {
            "id": "1069753603416444929",
            "text": "@Dempster46 @GlendonRusch @Mariners Being an elite athlete and ex Major League Baseball player there are few things I can\u2019t acheive. Child birth is of them. \ud83d\ude02\ud83d\ude02\ud83d\ude02\nThanks for the nice message mate",
            "time": "Tue Dec 04 00:41:48 +0000 2018"
        },
        {
            "id": "1069740064496771073",
            "text": "@THEDeeJenks @RealBradAdam You tell me... day old and that mane is flowing https://t.co/Ben1kl09lj",
            "time": "Mon Dec 03 23:48:00 +0000 2018"
        },
        {
            "id": "1069735895052386304",
            "text": "Australian but fluent in Dingo https://t.co/Z9cIB0cuE2",
            "time": "Mon Dec 03 23:31:26 +0000 2018"
        },
        {
            "id": "1069735084675067904",
            "text": "@GlendonRusch @Mariners Thanks Kenny",
            "time": "Mon Dec 03 23:28:13 +0000 2018"
        },
        {
            "id": "1069726932227346432",
            "text": "@jeffeldridge @MarinersStore @Mariners @MarcoGonzales_ Might be!",
            "time": "Mon Dec 03 22:55:49 +0000 2018"
        },
        {
            "id": "1069722189346140160",
            "text": "@cougsgo @Mariners Thanks Jim!",
            "time": "Mon Dec 03 22:36:59 +0000 2018"
        },
        {
            "id": "1069722028276514818",
            "text": "@loveableherb @Mariners Better be!",
            "time": "Mon Dec 03 22:36:20 +0000 2018"
        },
        {
            "id": "1069721847049015297",
            "text": "@KevinShockey @Mariners Thanks mate",
            "time": "Mon Dec 03 22:35:37 +0000 2018"
        },
        {
            "id": "1069718798498840576",
            "text": "In more positive news today...\nI would like to introduce you all to my new son...\nLennox David Rowland-Smith born early Sunday morning! \n\nGo @Mariners https://t.co/O7zb4ltBMB",
            "time": "Mon Dec 03 22:23:30 +0000 2018"
        },
        {
            "id": "1069680224323813376",
            "text": "@editwritemike 78mph \nWith a nasty hanging slurve",
            "time": "Mon Dec 03 19:50:13 +0000 2018"
        },
        {
            "id": "1069674671828660224",
            "text": "I can confirm I\u2019m not getting traded \ud83d\ude02\ud83d\ude02\ud83d\ude02\n\nUnless some beer league team is super keen https://t.co/SaBimjBBKc",
            "time": "Mon Dec 03 19:28:10 +0000 2018"
        },
        {
            "id": "1069450761388486656",
            "text": "@jlmcdo38 Happens all the time. Rebuilds are never automatic, you have to have a stud crew in that front office all on the same page and all super patient!",
            "time": "Mon Dec 03 04:38:25 +0000 2018"
        },
        {
            "id": "1069450365286834176",
            "text": "@dwilly95 @youbunchofmarks The PED killed it for me, I can\u2019t speak for others but I\u2019m referring to the change in chemistry in the locker room when you have a \u2018franchise\u2019 player come back and have egg shell his spot in the lineup everyday",
            "time": "Mon Dec 03 04:36:51 +0000 2018"
        },
        {
            "id": "1069449925975400448",
            "text": "@bart57579 Great question, it comes down to how well you can pick \u2018prospects\u2019 then how well can you develop them or have them buy in to what your org does. Usually that kid who has been traded 3 m/4 times has red flags, one exception would be Anthony Rizzo",
            "time": "Mon Dec 03 04:35:06 +0000 2018"
        },
        {
            "id": "1069446313689796608",
            "text": "@thethingiskat Look Diaz is an amazing talent and secured a ton of wins last year but your closer is that last piece of the puzzle when constructing a roster to win. When this team is ready to win, there will be a shut down guy available on the market. Get horses in your rotation and get youth",
            "time": "Mon Dec 03 04:20:45 +0000 2018"
        },
        {
            "id": "1069445734779412480",
            "text": "@KevDal Because he was traded today...",
            "time": "Mon Dec 03 04:18:27 +0000 2018"
        },
        {
            "id": "1069444776074764288",
            "text": "The Cano era in Seattle was over  the minute he walked into Servais\u2019s office and said he\u2019ll begin his PED\u2019s suspension.\nThat was mid May.\nRebuild or not, this trade is the right move even if only 1 or 2 of these prospects pan out.",
            "time": "Mon Dec 03 04:14:38 +0000 2018"
        },
        {
            "id": "1069036398164959232",
            "text": "Big happy birthday to the pre and post producer of the decade nominee @neilstover \ud83d\udc4d\ud83d\udc4d\ud83d\udc4d\nThanks for answering the dumbest questions all show long from yours truly \n\nA brand new hydro flask is waiting for ya! \nHappy birthday mate",
            "time": "Sun Dec 02 01:11:53 +0000 2018"
        },
        {
            "id": "1068618416129368065",
            "text": "@bennharradine @mccoskerc Great point Chris! I honestly question the 1hr long BP session every day with a coach 60% from 50ft away straight. \nGood for rhythm and timing \nJapan they do it differently.\nNot enough twitter characters to dive into this!",
            "time": "Fri Nov 30 21:30:59 +0000 2018"
        }
    ]
}