{
    "user_id": "128155589",
    "gender": "male",
    "age": 61,
    "age_range": "55-64",
    "year_of_birth": 1957,
    "english": "ind",
    "handle": "TheVijayMallya",
    "tweets": [
        {
            "id": "1101301392495595520",
            "text": "#SunburnWithKF is coming to Kochi and Hyderabad! https://t.co/huF1NEXhCx via @YouTube",
            "time": "Fri Mar 01 02:01:27 +0000 2019"
        },
        {
            "id": "1099491931430838273",
            "text": "Get ready to #SunburnWithKF in Goa https://t.co/O5cR73eJii via @YouTube",
            "time": "Sun Feb 24 02:11:18 +0000 2019"
        },
        {
            "id": "1097231082934714369",
            "text": "Model Diaries | Maddy | Kingfisher Calendar 2019 https://t.co/pz93XrEvBA via @YouTube",
            "time": "Sun Feb 17 20:27:30 +0000 2019"
        },
        {
            "id": "1096924249233805318",
            "text": "Kingstar Ooty should be pleased with my tweet of gratitude that sent out the Kingstar chocolate brand to over 5.9 million of my twitter followers !! Keep the quality no matter what.",
            "time": "Sun Feb 17 00:08:15 +0000 2019"
        },
        {
            "id": "1095847912100249601",
            "text": "Bless my friends who brought me my favourite chocolate from my favourite town where I grew up https://t.co/YeAFRqZzos",
            "time": "Thu Feb 14 00:51:16 +0000 2019"
        },
        {
            "id": "1095846081060065280",
            "text": "Am appalled to say the least at the media reports on the Enforcement Directorate claims that I hid my wealth ! If there was hidden wealth how could I put approximately 14,000 crores worth of assets openly in front of Court ? Shameful misleading of public opinion but unsurprising.",
            "time": "Thu Feb 14 00:44:00 +0000 2019"
        },
        {
            "id": "1095843887111946243",
            "text": "I have made the offer to settle before the Hon\u2019Ble High Court Court of Karnataka. This cannot be dismissed as frivolous. It is a perfectly tangible, sincere, honest and readily achievable offer. The shoe is on the other foot now. Why don\u2019t the Banks take the money lent to KFA ?",
            "time": "Thu Feb 14 00:35:17 +0000 2019"
        },
        {
            "id": "1095843079599333382",
            "text": "Following on from my earlier tweet, I respectfully ask why the Prime Minister is not instructing his Banks to take the money I have put on the table so he can at least claim credit for full recovery of public funds lent to Kingfisher.",
            "time": "Thu Feb 14 00:32:04 +0000 2019"
        },
        {
            "id": "1095842523870826497",
            "text": "The Prime Ministers last speech in Parliament was brought to my attention. He certainly is a very eloquent speaker. I noticed that he referred to an unnamed person who \u201cran away\u201d with 9000 crores. Given the media narrative I can only infer that reference is to me.",
            "time": "Thu Feb 14 00:29:52 +0000 2019"
        },
        {
            "id": "1094403291352571905",
            "text": "Diva Dhawan | The Making of Kingfisher Calendar 2019 https://t.co/uSebWtldLh via @YouTube",
            "time": "Sun Feb 10 01:10:52 +0000 2019"
        },
        {
            "id": "1094399991718838272",
            "text": "Model Diaries | Diva Dhawan | Kingfisher Calendar 2019 https://t.co/HNu7rZnX5V via @YouTube",
            "time": "Sun Feb 10 00:57:45 +0000 2019"
        },
        {
            "id": "1092478190940024832",
            "text": "After the decision was handed down on December 10,2018 by the Westminster Magistrates Court, I stated my intention to appeal. I could not initiate the appeal process before a decision by the Home Secretary. Now I will initiate the appeal process.",
            "time": "Mon Feb 04 17:41:12 +0000 2019"
        },
        {
            "id": "1091192370496966656",
            "text": "And finally, the Banks Lawyers in England have objected in writing to my paying my legitimate tax dues to HMRC which I requested. Irony is Indian State Banks want my money in England to settle an Indian debt already secured and deny payment to the U.K. tax exchequer. Disgraceful.",
            "time": "Fri Feb 01 04:31:49 +0000 2019"
        },
        {
            "id": "1091191112507756550",
            "text": "And despite all the attachments in India, Banks have given an open licence to their Lawyers in England to pursue multiple frivolous litigations against me. Who is accountable for spending Public money on Legal fees in such a brazen manner ?",
            "time": "Fri Feb 01 04:26:49 +0000 2019"
        },
        {
            "id": "1091188402400178176",
            "text": "Every morning I wake up to yet another attachment by the DRT recovery officer. Value already crossed 13,000 crores. Banks claim dues including all interest of 9,000 crores which is subject to review. How far will this go and well beyond ? Justified ??",
            "time": "Fri Feb 01 04:16:03 +0000 2019"
        },
        {
            "id": "1091187395259781121",
            "text": "The DRT Recovery Officer recently attaches my Group assets worth over 13,000 crores in India on behalf of the Consortium of Banks. Yet the narrative is that I ran away with the claimed amount of 9000 crores causing loss to the Public Sector Banks. Where is Justice or fair play ?",
            "time": "Fri Feb 01 04:12:02 +0000 2019"
        },
        {
            "id": "1090365839482802176",
            "text": "Kingfisher Ultra Indian Derby 2019 | Mumbai https://t.co/yCcnCGXLXc via @YouTube",
            "time": "Tue Jan 29 21:47:28 +0000 2019"
        },
        {
            "id": "1090044634909327360",
            "text": "The Making of Kingfisher Calendar | Kingfisher Calendar 2019 https://t.co/HtATSkjzeL via @YouTube",
            "time": "Tue Jan 29 00:31:07 +0000 2019"
        },
        {
            "id": "1090044537437896705",
            "text": "Model Diaries | The Making of Kingfisher Calendar 2019 https://t.co/bD16su80Nz via @YouTube",
            "time": "Tue Jan 29 00:30:44 +0000 2019"
        },
        {
            "id": "1090044395632631810",
            "text": "Travel Diaries | The Making of Kingfisher 2019 https://t.co/3Cspa7I1SR via @YouTube",
            "time": "Tue Jan 29 00:30:10 +0000 2019"
        },
        {
            "id": "1084226573589512192",
            "text": "I whole heartedly agree https://t.co/p2sAEOpiUd",
            "time": "Sat Jan 12 23:12:13 +0000 2019"
        },
        {
            "id": "1084225447729250304",
            "text": "Very well said https://t.co/AomqaTlifi",
            "time": "Sat Jan 12 23:07:45 +0000 2019"
        },
        {
            "id": "1081689588677201920",
            "text": "https://t.co/b1g6uBwrTB",
            "time": "Sat Jan 05 23:11:09 +0000 2019"
        },
        {
            "id": "1077641248863936513",
            "text": "Happy Christmas to all",
            "time": "Tue Dec 25 19:04:29 +0000 2018"
        },
        {
            "id": "1077215506371887104",
            "text": "https://t.co/cj0gmfO6B3",
            "time": "Mon Dec 24 14:52:45 +0000 2018"
        },
        {
            "id": "1075233720913809408",
            "text": "Many Thanks to all for your kind birthday wishes which I truly appreciate",
            "time": "Wed Dec 19 03:37:50 +0000 2018"
        },
        {
            "id": "1074853015465705473",
            "text": "@yes_it_is_rahul Many Thanks Rahul",
            "time": "Tue Dec 18 02:25:03 +0000 2018"
        },
        {
            "id": "1073015870329405441",
            "text": "Young Champions @SachinPilot and @JM_Scindia  Many congratulations.",
            "time": "Thu Dec 13 00:44:53 +0000 2018"
        },
        {
            "id": "1072983288636207104",
            "text": "Next the ED will say that I chartered the Jet Airways 777 ! https://t.co/9Fqx8Z6eOE",
            "time": "Wed Dec 12 22:35:25 +0000 2018"
        },
        {
            "id": "1071924058609119232",
            "text": "Thank You https://t.co/fgRT3pBz3M",
            "time": "Mon Dec 10 00:26:25 +0000 2018"
        },
        {
            "id": "1070865814415466496",
            "text": "My big sister is the very best @kiranshaw https://t.co/LmpcRT8k7L",
            "time": "Fri Dec 07 02:21:20 +0000 2018"
        },
        {
            "id": "1070865362617593857",
            "text": "Congratulations Akshara and Karun @karunchandhok on the birth of your son",
            "time": "Fri Dec 07 02:19:32 +0000 2018"
        },
        {
            "id": "1070864509613600769",
            "text": "Congrats to Dada Vicky Chandhok on the birth of his grandson. Justifies his helipad and no chance of beating me on track anymore.",
            "time": "Fri Dec 07 02:16:09 +0000 2018"
        },
        {
            "id": "1070832743423066112",
            "text": "So well deserved https://t.co/m1zffzjF1N",
            "time": "Fri Dec 07 00:09:55 +0000 2018"
        },
        {
            "id": "1070795926724325376",
            "text": "With respect where have I defrauded Banks ? I did not borrow a single rupee. The borrower was Kingfisher Airlines. Money was lost due to a genuine and sad business failure. Being held as guarantor is not fraud. https://t.co/CygZODV5Xv",
            "time": "Thu Dec 06 21:43:38 +0000 2018"
        },
        {
            "id": "1070795193601929218",
            "text": "Well said @PritishNandy Sadly the media creates its own narrative. I have been making settlement offers since 2016 which were rejected without any dialogue as https://t.co/jO4t6XPrSV mid 2018 I finally made an offer before the Karnataka High Court.Unconnected to extradition. https://t.co/8U7KmQ9YkU",
            "time": "Thu Dec 06 21:40:43 +0000 2018"
        },
        {
            "id": "1070753705107050496",
            "text": "Surprised that a respected senior anchor @bhupendrachaube would get facts wrong.He should know the extradition process and appeal rights available to both sides. My repayment offer is to clear my name of allegations that I stole money when,in fact I invested 4000 crores into KFA https://t.co/A9XY1T7LU3",
            "time": "Thu Dec 06 18:55:51 +0000 2018"
        },
        {
            "id": "1070470014543806465",
            "text": "Respectfully to all commentators, I cannot understand how my extradition decision or the recent extradition from Dubai and my settlement offer are linked in any way. Wherever I am physically,my appeal is \u201cPlease take the money\u201d. I want to stop the narrative that I stole money",
            "time": "Thu Dec 06 00:08:34 +0000 2018"
        },
        {
            "id": "1070346410187481089",
            "text": "@tavleen_singh @ShaliniSharma_ Many thanks for your constructive response",
            "time": "Wed Dec 05 15:57:24 +0000 2018"
        },
        {
            "id": "1070345363708620805",
            "text": "@TheJaggi Sir. With respect, I have placed 14K crores worth of assets in front of Court as the ED and Banks (both under Government control) are fighting over the same assets. What do I do without Court intervention ?",
            "time": "Wed Dec 05 15:53:15 +0000 2018"
        },
        {
            "id": "1070292903258411008",
            "text": "Please check facts. Extradition and my settlement offer are completely separate. I filed my settlement offer in Court months ago. I want to pay the Banks and stop the rhetoric that I stole money. https://t.co/LAqnxRwOYt",
            "time": "Wed Dec 05 12:24:47 +0000 2018"
        },
        {
            "id": "1070154609312874496",
            "text": "Usual nonsense! I have made settlement offers since 2016. Check your facts Nikunj and don\u2019t abuse your broadcast privileges. https://t.co/sksCxZBctm",
            "time": "Wed Dec 05 03:15:16 +0000 2018"
        },
        {
            "id": "1070153762801680384",
            "text": "I see the quick media narrative about my extradition decision. That is separate and will take its own legal course. The most important point is public money and I am offering to pay 100% back. I humbly request the Banks and Government to take it. If payback refused, WHY ?",
            "time": "Wed Dec 05 03:11:54 +0000 2018"
        },
        {
            "id": "1070120201805578240",
            "text": "For three decades running India\u2019s largest alcoholic beverage group, we contributed thousands of crores to the State exchequers. Kingfisher Airlines also contributed handsomely to the States. Sad loss of the finest Airline but still I offer to pay Banks so no loss. Please take it.",
            "time": "Wed Dec 05 00:58:32 +0000 2018"
        },
        {
            "id": "1070118994584186880",
            "text": "Airlines struggling financially partly becoz of high ATF prices. Kingfisher was a fab airline that faced the highest ever crude prices of $ 140/barrel. Losses mounted and that\u2019s where Banks money went.I have offered to repay 100 % of the Principal amount to them. Please take it.",
            "time": "Wed Dec 05 00:53:44 +0000 2018"
        },
        {
            "id": "1070113716027428864",
            "text": "Politicians and Media are constantly talking loudly about my being a defaulter who has run away with PSU Bank money. All this is false. Why don\u2019t I get fair treatment and the same loud noise about my comprehensive settlement offer before the Karnataka High Court. Sad.",
            "time": "Wed Dec 05 00:32:46 +0000 2018"
        },
        {
            "id": "1061932788495106048",
            "text": "Introducing Kingfisher Radler! Refreshing, Non Alcoholic Drink! #KFinGuj... https://t.co/VauKoSjEt4 via @YouTube",
            "time": "Mon Nov 12 10:44:41 +0000 2018"
        },
        {
            "id": "1060691081522745344",
            "text": "@ForceIndiaF1 @willhings Happy Birthday Will",
            "time": "Fri Nov 09 00:30:35 +0000 2018"
        },
        {
            "id": "1060555025808809985",
            "text": "https://t.co/p7TFJ8Vg7W",
            "time": "Thu Nov 08 15:29:56 +0000 2018"
        },
        {
            "id": "1060283934985125890",
            "text": "Kingfisher wishes you all Happy Deepavali https://t.co/ZDfsrOutDu",
            "time": "Wed Nov 07 21:32:43 +0000 2018"
        },
        {
            "id": "1060167602083979264",
            "text": "Happy Deepavali https://t.co/Ll9BtHqKXw",
            "time": "Wed Nov 07 13:50:27 +0000 2018"
        },
        {
            "id": "1055203103744626688",
            "text": "To celebrate #nationalcurryweek why not visit your local Indian restaurant tonight!",
            "time": "Wed Oct 24 21:03:19 +0000 2018"
        },
        {
            "id": "1053454825701154819",
            "text": "And of course Shobho Bijoya",
            "time": "Sat Oct 20 01:16:17 +0000 2018"
        },
        {
            "id": "1053454476206583808",
            "text": "Happy Dussehra, Happy Vijayadashami to all",
            "time": "Sat Oct 20 01:14:54 +0000 2018"
        },
        {
            "id": "1050859749363908608",
            "text": "Congrats. Both Barbados Tridents players @BIMTridents https://t.co/WBpACPqMgR",
            "time": "Fri Oct 12 21:24:22 +0000 2018"
        },
        {
            "id": "1034816023462137857",
            "text": "Fisichella's Spa Masterclass | 2009 Belgian Grand Prix https://t.co/SNk1pVAfby via @YouTube",
            "time": "Wed Aug 29 14:52:20 +0000 2018"
        },
        {
            "id": "1012862496951160832",
            "text": "Media reports quote an ED official stating that I am attempting a plea bargain. Would respectfully suggest that the official read the ED charge sheet first. I would invite the ED to advance the same plea bargain theory in Court in front of whom I have placed my assets.",
            "time": "Sat Jun 30 00:56:52 +0000 2018"
        },
        {
            "id": "1011833669617475584",
            "text": "... to the sale of assets, it will clearly demonstrate that there is an agenda against me \u201cthe Poster Boy\u201d beyond recovery of dues. I continue to make every effort, in good faith to settle with the banks. If politically motivated factors interfere, there is nothing I can do...3/3",
            "time": "Wed Jun 27 04:48:40 +0000 2018"
        },
        {
            "id": "1011832109994930176",
            "text": "We have requested the Courts permission to allow us to sell these assets under judicial supervision and repay creditors, including the Public Sector Banks such amounts as may be directed and determined by the Court. If the criminal agencies such as ED or CBI object ... 2/3",
            "time": "Wed Jun 27 04:42:28 +0000 2018"
        },
        {
            "id": "1011831760793960448",
            "text": "Some people have been asking why I chose to make a statement at this time. I have made my statement because UBHL and myself have filed an application before the Hon\u2019ble Karnataka High Court on June 22, 2018, setting out available assets of approximately Rs. 13,900 crores ...1/3",
            "time": "Wed Jun 27 04:41:05 +0000 2018"
        },
        {
            "id": "1011744625558720513",
            "text": "I am asked for comment on being labelled a Fugitive Economic Offender. When I have placed assets on the table before the Hon\u2019Ble Karnataka High Court in excess of the PSU Bank claims how can I be an Economic Offender ? The Fugitive part falls away.",
            "time": "Tue Jun 26 22:54:50 +0000 2018"
        },
        {
            "id": "1011741804247609344",
            "text": "It is sad that the narrative seems to question my honest intentions. There are no delaying tactics or any agenda to gain brownie points. What needs to be appreciated is a bona fide offer and commitment placed before the Hon\u2019Ble Karnataka HC. Let Justice play its part.",
            "time": "Tue Jun 26 22:43:38 +0000 2018"
        },
        {
            "id": "1011740347104419840",
            "text": "I made my media statement concurrent with my settlement offer now and was unable to make such an offer before due to various circumstantial changes about the value of my assets available. However I have honestly pursued settlement efforts since 2016.",
            "time": "Tue Jun 26 22:37:50 +0000 2018"
        },
        {
            "id": "1011739659616038912",
            "text": "It is incorrect that my settlement offer before the Hon\u2019Ble Karnataka HC was motivated by the latest charge sheet under the media reported Fugitive Ordinance. I always had honest intentions to settle and there is ample proof. Anyway I hope the sale of assets is approved for Banks",
            "time": "Tue Jun 26 22:35:06 +0000 2018"
        },
        {
            "id": "1011738706347249664",
            "text": "Government wants to recover money loaned by PSU Banks. They used CBI and ED to attach and recover. I, myself have placed all assets before the Hon\u2019Ble Karnataka HC and submitted for sale. Banks should be very happy. But if the same CBI and ED object what do I do ?",
            "time": "Tue Jun 26 22:31:19 +0000 2018"
        },
        {
            "id": "1011737469195350016",
            "text": "Government, Courts and Banks are rightfully concerned about Public money loaned by Public Sector Banks. I have made an application to the Hon\u2019Ble Karnataka HC showing assets far in excess of the Banks claims and requesting sale under judicial supervision. What more ?",
            "time": "Tue Jun 26 22:26:24 +0000 2018"
        },
        {
            "id": "1011736606187884545",
            "text": "CBI and ED charge sheets specifically allege criminality with no intention to repay Banks. Since 2016 I have been making efforts to settle. Now I have placed everything before the Hon\u2019Ble Karnataka HC so where is the malafide ? Are Banks interested in repayment ?",
            "time": "Tue Jun 26 22:22:58 +0000 2018"
        },
        {
            "id": "1011735062465908739",
            "text": "My old friend MJ Akbar (now Hon\u2019ble MOS) states that I had years to repay. My settlement initiatives date back to 2016. Most importantly the value of assets today in 2018 is far higher than in 2016.",
            "time": "Tue Jun 26 22:16:50 +0000 2018"
        },
        {
            "id": "1011561326462816258",
            "text": "... 4/4 https://t.co/UYJbq1laXf",
            "time": "Tue Jun 26 10:46:28 +0000 2018"
        },
        {
            "id": "1011561080873783297",
            "text": "... 3/4 https://t.co/rW82Blrxe3",
            "time": "Tue Jun 26 10:45:30 +0000 2018"
        },
        {
            "id": "1011560938359721984",
            "text": "... 2/4 https://t.co/bQiPAP7bjx",
            "time": "Tue Jun 26 10:44:56 +0000 2018"
        },
        {
            "id": "1011560800211947520",
            "text": "A very telling note from the SBI to RBI written in 2012. Especially Point 6. ...1/4 https://t.co/udMo3VIbs9",
            "time": "Tue Jun 26 10:44:23 +0000 2018"
        },
        {
            "id": "1011557284521152512",
            "text": "... 6/6 https://t.co/yAaooMAo8i",
            "time": "Tue Jun 26 10:30:25 +0000 2018"
        },
        {
            "id": "1011557155433041920",
            "text": "... 5/6 https://t.co/FpJOFmEMd9",
            "time": "Tue Jun 26 10:29:54 +0000 2018"
        },
        {
            "id": "1011557030958653441",
            "text": "... 4/6 https://t.co/0LTJpndjJ3",
            "time": "Tue Jun 26 10:29:24 +0000 2018"
        },
        {
            "id": "1011556894555738113",
            "text": "... 3/6 https://t.co/RgBLAK4yhw",
            "time": "Tue Jun 26 10:28:52 +0000 2018"
        },
        {
            "id": "1011556666771410944",
            "text": "... 2/6 https://t.co/LlyIogn9Kl",
            "time": "Tue Jun 26 10:27:57 +0000 2018"
        },
        {
            "id": "1011556611427577856",
            "text": "A letter I wrote to the Prime Minister in 2016 ... 1/6 https://t.co/EjPZtgR5b0",
            "time": "Tue Jun 26 10:27:44 +0000 2018"
        },
        {
            "id": "1011536726123274240",
            "text": "... 5/5 https://t.co/MzC9Oz09Ex",
            "time": "Tue Jun 26 09:08:43 +0000 2018"
        },
        {
            "id": "1011536632703541248",
            "text": "... 4/5 https://t.co/GMuQYl39bq",
            "time": "Tue Jun 26 09:08:21 +0000 2018"
        },
        {
            "id": "1011536540353298442",
            "text": "... 3/5 https://t.co/cBFxqnb439",
            "time": "Tue Jun 26 09:07:59 +0000 2018"
        },
        {
            "id": "1011536442257002497",
            "text": "... 2/5 https://t.co/L6XEANlokY",
            "time": "Tue Jun 26 09:07:35 +0000 2018"
        },
        {
            "id": "1011535998948380672",
            "text": "After two years of silence, I have decided to issue a comprehensive press statement ... 1/5 https://t.co/klbeh4rF8G",
            "time": "Tue Jun 26 09:05:50 +0000 2018"
        },
        {
            "id": "998880955669647360",
            "text": "DJ David Curnow-fantastic Young talent https://t.co/vlVx9FtMRG",
            "time": "Tue May 22 10:59:12 +0000 2018"
        },
        {
            "id": "996897017300504577",
            "text": "https://t.co/IZCF9qldhU",
            "time": "Wed May 16 23:35:45 +0000 2018"
        },
        {
            "id": "989907385899679744",
            "text": "Win a unique VIP experience with @ForceIndiaF1 and @F1 at this year's #FrenchGP!\n \nWe'll fly you to France where you can meet our drivers in the garage, watch the race from Paddock Club and enjoy a supercar ride of the circuit -and much more!\n \nEnter here: https://t.co/VKOtREUm7t",
            "time": "Fri Apr 27 16:41:27 +0000 2018"
        },
        {
            "id": "980210578047238146",
            "text": "Never a boring meal with the Good Times | Telugu https://t.co/dfBzd2uALy via @YouTube",
            "time": "Sat Mar 31 22:29:47 +0000 2018"
        },
        {
            "id": "980210436493709312",
            "text": "The perfect addition to your meal | Marathi https://t.co/XNyV5lHOQ0 via @YouTube",
            "time": "Sat Mar 31 22:29:14 +0000 2018"
        },
        {
            "id": "975857797169639424",
            "text": "Force India F1 - Shah Rukh Khan's 'Join the force' https://t.co/nOJsJDvAqj via @YouTube",
            "time": "Mon Mar 19 22:13:24 +0000 2018"
        },
        {
            "id": "968205316025409539",
            "text": "The VJM11 breaks cover! https://t.co/NoFka9hioK via @YouTube",
            "time": "Mon Feb 26 19:25:10 +0000 2018"
        },
        {
            "id": "966439034439589888",
            "text": "How to prep for Beer Pong! https://t.co/JR8ptzkm0u via @YouTube",
            "time": "Wed Feb 21 22:26:36 +0000 2018"
        },
        {
            "id": "965982594830688256",
            "text": "Sergio Perez on becoming a father, driving with the Halo and more with S... https://t.co/SrCqZzfLjC via @YouTube",
            "time": "Tue Feb 20 16:12:52 +0000 2018"
        },
        {
            "id": "965732483609317376",
            "text": "Esteban Ocon on the 2019 driver market, rivalry with Checo and more with... https://t.co/fxeVyzdqaO via @YouTube",
            "time": "Mon Feb 19 23:39:01 +0000 2018"
        },
        {
            "id": "961775563810725888",
            "text": "Amchem Forca Goa. Amchem Kingfisher. https://t.co/CjnSrql59E via @YouTube",
            "time": "Fri Feb 09 01:35:37 +0000 2018"
        },
        {
            "id": "961775352552050688",
            "text": "Amchem Forca Goa. Amchem Kingfisher. https://t.co/joDZn3jH9W via @YouTube",
            "time": "Fri Feb 09 01:34:47 +0000 2018"
        },
        {
            "id": "957576583061139456",
            "text": "Kingfisher Ultra Indian Derby 2018 | Raftaar, Aditi Rao Hyadri and Richa... https://t.co/DgPe8VWCtB via @YouTube",
            "time": "Sun Jan 28 11:30:22 +0000 2018"
        },
        {
            "id": "957576069011394561",
            "text": "Kingfisher Ultra Indian Derby 2018 | Raftaar, Sudhir Mishra and Rahul Bhatt https://t.co/lSoJ69JLaH via @YouTube",
            "time": "Sun Jan 28 11:28:20 +0000 2018"
        },
        {
            "id": "955228382870073344",
            "text": "Time lapse: a fond farewell to the VJM10 https://t.co/6JueINeoy0 via @YouTube",
            "time": "Sun Jan 21 23:59:28 +0000 2018"
        },
        {
            "id": "953675368975798272",
            "text": "Model Diaries | Kingfisher Calendar 2018 | Ishika Sharma https://t.co/yQPDQhAwDD via @YouTube",
            "time": "Wed Jan 17 17:08:21 +0000 2018"
        },
        {
            "id": "953298513953206272",
            "text": "Model Diaries | Kingfisher Calendar 2018 | Priyanka Karunakaran https://t.co/3kTVuXPH7C via @YouTube",
            "time": "Tue Jan 16 16:10:51 +0000 2018"
        },
        {
            "id": "953298388946182146",
            "text": "Model Diaries | Kingfisher Calendar 2018 | Priyanka Moodley https://t.co/dJGZbwZR9m via @YouTube",
            "time": "Tue Jan 16 16:10:22 +0000 2018"
        },
        {
            "id": "953298097324642304",
            "text": "Model Diaries | Kingfisher Calendar 2018 | Mitali Ranoorey https://t.co/xUZiXdGtkx via @YouTube",
            "time": "Tue Jan 16 16:09:12 +0000 2018"
        },
        {
            "id": "948162220680237056",
            "text": "Kingfisher Sunburn 2017 https://t.co/yRpv5qhiQl via @YouTube",
            "time": "Tue Jan 02 12:01:04 +0000 2018"
        },
        {
            "id": "947660143587741696",
            "text": "https://t.co/oscEjP3bjv",
            "time": "Mon Jan 01 02:45:59 +0000 2018"
        },
        {
            "id": "947641615425957888",
            "text": "Woofer ft. #KFStorm https://t.co/a90e0rYzgU via @YouTube",
            "time": "Mon Jan 01 01:32:22 +0000 2018"
        },
        {
            "id": "947636064675655680",
            "text": "Mannequin Challenge | Kingfisher Calendar 2018 https://t.co/HRwhfufIsg via @YouTube",
            "time": "Mon Jan 01 01:10:18 +0000 2018"
        },
        {
            "id": "947629477818961922",
            "text": "Woofer ft. #KFStorm https://t.co/z4OOj4snqA via @YouTube",
            "time": "Mon Jan 01 00:44:08 +0000 2018"
        },
        {
            "id": "946115801320443905",
            "text": "Woofer ft. #KFStorm https://t.co/z4OOj4snqA via @YouTube",
            "time": "Wed Dec 27 20:29:19 +0000 2017"
        },
        {
            "id": "946053875546587136",
            "text": "#KF Storm presents Woofer https://t.co/6PU2LO9dEg via @YouTube",
            "time": "Wed Dec 27 16:23:15 +0000 2017"
        },
        {
            "id": "945952396408184834",
            "text": "Mannequin Challenge | Kingfisher Calendar 2018 https://t.co/HRwhfufIsg via @YouTube",
            "time": "Wed Dec 27 09:40:00 +0000 2017"
        },
        {
            "id": "945326488051765253",
            "text": "Merry Christmas and my best wishes for the New Year my friends",
            "time": "Mon Dec 25 16:12:52 +0000 2017"
        },
        {
            "id": "919874730135642112",
            "text": "Sahara Force India for Breast Cancer Care https://t.co/dZl2LtUfru via @YouTube",
            "time": "Mon Oct 16 10:36:40 +0000 2017"
        },
        {
            "id": "916359844680134656",
            "text": "Kingfisher Celebrates M.S. Dhoni: The Untold Story https://t.co/pOa5QogGC2 via @YouTube",
            "time": "Fri Oct 06 17:49:46 +0000 2017"
        },
        {
            "id": "915996580477407232",
            "text": "Kingfisher - The Original Social Network https://t.co/oSGuEBxbSN via @YouTube",
            "time": "Thu Oct 05 17:46:17 +0000 2017"
        },
        {
            "id": "915884546201178116",
            "text": "Kingfisher Celebrates Cricket: Kingfisher Premium Calendar https://t.co/cWuxuNmjVv via @YouTube",
            "time": "Thu Oct 05 10:21:06 +0000 2017"
        },
        {
            "id": "908460477486977024",
            "text": "Sergio Perez and Esteban Ocon preview the Singapore GP https://t.co/66kspKqOnB",
            "time": "Thu Sep 14 22:40:30 +0000 2017"
        },
        {
            "id": "885086441109409792",
            "text": "https://t.co/1sj7xuRC9J via @youtube",
            "time": "Wed Jul 12 10:40:26 +0000 2017"
        },
        {
            "id": "882743373853065217",
            "text": "Skipper Kieron Pollard talks about how Barbados Tridents are gearing up ... https://t.co/Zw1Z3bkWG0",
            "time": "Wed Jul 05 23:29:55 +0000 2017"
        },
        {
            "id": "875035982919323648",
            "text": "@kiranshaw Many Congratulations",
            "time": "Wed Jun 14 17:03:30 +0000 2017"
        },
        {
            "id": "874966611836493824",
            "text": "https://t.co/6WD3nKB8aq",
            "time": "Wed Jun 14 12:27:51 +0000 2017"
        },
        {
            "id": "874791079261986817",
            "text": "Intense hate campaign by Indian media against me knows no bounds. The GOI has filed a case which is before a U.K. court. Wait for verdict.",
            "time": "Wed Jun 14 00:50:20 +0000 2017"
        },
        {
            "id": "874255809827438594",
            "text": "The Force India @ForceIndiaF1 pink panthers have scored 71 points from 7 races this year. https://t.co/5TSkp09LM2",
            "time": "Mon Jun 12 13:23:22 +0000 2017"
        },
        {
            "id": "874041711256883202",
            "text": "We achieve @ForceIndiaF1 punching above our weight.If competition has to be fair, imagine what we could do with a bit more of fair income.",
            "time": "Sun Jun 11 23:12:37 +0000 2017"
        },
        {
            "id": "874036379436670977",
            "text": "So much so for those who made fun of us @ForceIndiaF1 when we launched our car. https://t.co/fk2FqXI65y",
            "time": "Sun Jun 11 22:51:26 +0000 2017"
        },
        {
            "id": "874035893425897473",
            "text": "Of course we @ForceIndiaF1 will relentlessly pursue our campaign for fair and equitable distribution of money from FOM. No let up on this.",
            "time": "Sun Jun 11 22:49:30 +0000 2017"
        },
        {
            "id": "874035516223758336",
            "text": "And please let's once and for all stop this speculation about the team @ForceIndiaF1  being for sale. We are focussed on performance.",
            "time": "Sun Jun 11 22:48:00 +0000 2017"
        },
        {
            "id": "874033923885498368",
            "text": "@ForceIndiaF1 New guidelines will follow as we are happily in that coveted space",
            "time": "Sun Jun 11 22:41:40 +0000 2017"
        },
        {
            "id": "874033329598869507",
            "text": "I am so very happy to have the brilliant youngster Esteban Ocon @OconEsteban alongside Checo Perez. onwards and upwards we go @ForceIndiaF1",
            "time": "Sun Jun 11 22:39:19 +0000 2017"
        },
        {
            "id": "874032010439925760",
            "text": "Well done guys @ForceIndiaF1 Proud of you. Our policy of no team orders continues but I will specify guidelines to achieve best team result",
            "time": "Sun Jun 11 22:34:04 +0000 2017"
        },
        {
            "id": "872925248869498880",
            "text": "Proud to see Kingfisher @KingfisherBeer at The Oval today-official Lager of the ICC Champions Trophy https://t.co/ukyaZNs8Di",
            "time": "Thu Jun 08 21:16:12 +0000 2017"
        },
        {
            "id": "871894572724609028",
            "text": "Wide sensational media coverage on my attendance at the IND v PAK match at Edgbaston. I intend to attend all games to cheer the India team.",
            "time": "Tue Jun 06 01:00:39 +0000 2017"
        },
        {
            "id": "871893438362517506",
            "text": "World class player World class Captain World class gentleman @imVkohli . Bravo Virat.",
            "time": "Tue Jun 06 00:56:09 +0000 2017"
        },
        {
            "id": "870768966838497280",
            "text": "Wonder if I should have been running a football team. Sunderland earned \u00a3 93 million finishing 20th more than us @ForceIndiaF1 finishing 4th",
            "time": "Fri Jun 02 22:27:54 +0000 2017"
        },
        {
            "id": "868865340515782657",
            "text": "Naturally disappointed @ForceIndiaF1 to finish out of the points at Monaco but very proud of all of you. Competitive car with fastest lap.",
            "time": "Sun May 28 16:23:34 +0000 2017"
        },
        {
            "id": "868864706227908608",
            "text": "Good luck Fernando @alo_oficial You are a true champion and a fine gentleman.",
            "time": "Sun May 28 16:21:03 +0000 2017"
        },
        {
            "id": "868831932544581633",
            "text": "Very proud @ForceIndiaF1 Congratulations to Checo @SChecoPerez for setting the fastest lap record at Monaco",
            "time": "Sun May 28 14:10:49 +0000 2017"
        },
        {
            "id": "867152173863493632",
            "text": "Hearts minds and souls go out to the tragic victims of the Manchester attack. Young lives lost by a senseless dastardly act of cowardice",
            "time": "Tue May 23 22:56:03 +0000 2017"
        },
        {
            "id": "866951819867631616",
            "text": "\"This is where a driver can make the difference\" - Sergio Perez's Monaco... https://t.co/SyUmsl1A8X",
            "time": "Tue May 23 09:39:55 +0000 2017"
        },
        {
            "id": "863878756775190528",
            "text": "Congrats to all of you @ForceIndiaF1 . Keep punching higher...you can do it. I have confidence in all of you.",
            "time": "Sun May 14 22:08:40 +0000 2017"
        },
        {
            "id": "863877986705186817",
            "text": "Am so proud of my team @ForceIndiaF1 . Superb performance in Barcelona today. Consolidating 4th in the championship with 53 points on board",
            "time": "Sun May 14 22:05:36 +0000 2017"
        },
        {
            "id": "863014879258710016",
            "text": "@Diageo_News Congratulations and I am proud to be the Founder of United Spirits",
            "time": "Fri May 12 12:55:55 +0000 2017"
        },
        {
            "id": "863010832229310465",
            "text": "Happy birthday to the Barbados Tridents Captain @KieronPollard55 @BIMTridents. Have a great year ahead.",
            "time": "Fri May 12 12:39:51 +0000 2017"
        },
        {
            "id": "861623122293927936",
            "text": "Had a good read of the story by @RacingLines in https://t.co/Cmbdm5IS7p",
            "time": "Mon May 08 16:45:35 +0000 2017"
        },
        {
            "id": "859133573177245696",
            "text": "Strong start to the 2017 season scoring 31 points in 4 races compared to 8 points in the 2016 season. Well done everybody @ForceIndiaF1 .",
            "time": "Mon May 01 19:53:00 +0000 2017"
        },
        {
            "id": "858690287228645380",
            "text": "Excellent start to the season @ForceIndiaF1 @SChecoPerez @OconEsteban. 4 consecutive top ten points finishes for both cars. Bravo guys.",
            "time": "Sun Apr 30 14:31:32 +0000 2017"
        },
        {
            "id": "854404131204857857",
            "text": "@andrewbensonf1 All formalities were executed most professionally and efficiently with courtesy",
            "time": "Tue Apr 18 18:39:53 +0000 2017"
        },
        {
            "id": "854403671127449600",
            "text": "@easonF1 Thanks Kevin...things may change...finally",
            "time": "Tue Apr 18 18:38:03 +0000 2017"
        },
        {
            "id": "854370033799221248",
            "text": "@FT Lets wait and see. The case has to be decided on merits and evidence. Fortunately there is an impartial justice system in the UK",
            "time": "Tue Apr 18 16:24:24 +0000 2017"
        },
        {
            "id": "854354076892618752",
            "text": "@TimesNow Not rattled by facts....maybe rattled by your blatant lies",
            "time": "Tue Apr 18 15:20:59 +0000 2017"
        },
        {
            "id": "854346143865729024",
            "text": "@TimesNow What absolute nonsense devoid of facts. Looks as if Times Now fabricate stories for sensationalism. Verify your facts first before broadcast",
            "time": "Tue Apr 18 14:49:28 +0000 2017"
        },
        {
            "id": "854345247307988994",
            "text": "Congrats Henry Gayle @henrygayle Universe Boss for an incredible 10,000 runs in T20 cricket",
            "time": "Tue Apr 18 14:45:54 +0000 2017"
        },
        {
            "id": "854344900363640832",
            "text": "Glad that some media are putting facts in perspective. Surrender of passport, arrest,bail all part of normal extradition proceedings.",
            "time": "Tue Apr 18 14:44:31 +0000 2017"
        },
        {
            "id": "854340255549444096",
            "text": "@IndianExpress Many Thanks for a correct perspective",
            "time": "Tue Apr 18 14:26:04 +0000 2017"
        },
        {
            "id": "854337810874204161",
            "text": "@htTweets @PrasunSonwalkar Thank you for a pretty accurate statement of facts",
            "time": "Tue Apr 18 14:16:21 +0000 2017"
        },
        {
            "id": "854335564002316288",
            "text": "@andrewbensonf1 Thank God for an impartial and robust justice system in the UK",
            "time": "Tue Apr 18 14:07:25 +0000 2017"
        },
        {
            "id": "854319884863512580",
            "text": "@F1Racing_mag No worries...I am continuing to lead my team and passionately",
            "time": "Tue Apr 18 13:05:07 +0000 2017"
        },
        {
            "id": "854294437089902593",
            "text": "Usual Indian media hype. Extradition hearing in Court started today as expected.",
            "time": "Tue Apr 18 11:24:00 +0000 2017"
        },
        {
            "id": "853670326240202752",
            "text": "Very pleased to see both cars @ForceIndiaF1 in the top 10 scoring points in 3 consecutive races.Force India 4th in the championship now.",
            "time": "Sun Apr 16 18:04:00 +0000 2017"
        },
        {
            "id": "853348641842638849",
            "text": "Second F1 race in a row where double yellow flags have ruined the qualifying laps of our drivers. Ocon in Shanghai and now Perez in Bahrain",
            "time": "Sat Apr 15 20:45:45 +0000 2017"
        },
        {
            "id": "853321361170866176",
            "text": "@SinghaniaGautam Valteri is on pole not Max",
            "time": "Sat Apr 15 18:57:21 +0000 2017"
        }
    ]
}